SDK: 28
PRODUCT_NAME: star2qltechn
DEVICE_NAME: star2qltechn
BOARD_NAME: SM-S9180
SUPPORTED_ABIS: x86_64, x86, arm64-v8a, armeabi-v7a, armeabi
MANUFACTURER: samsung
BRAND: samsung
MODEL: SM-N976N

1785440462.111 10073  4360  4360 D houdini : [4360] Initialize library(version: 9.0.7a_y.36020 RELEASE)... successfully.
1785440462.111 10073  4360  4360 W kki.shadowfigh: Unexpected CPU variant for X86 using defaults: x86_64
1785440462.112 10073  4360  4360 E kki.shadowfigh: Not starting debugger since process cannot load the jdwp agent.
1785440462.115 10073  4360  4360 V Riru    : hook removed
1785440462.115 10073  4360  4360 V Riru    : edxp: forkAndSpecializePost
1785440462.315 10073  4360  4360 I kki.shadowfight: type=1400 audit(0.0:1739): avc: denied { open } for path="/dev/__properties__/u:object_r:firstboot_prop:s0" dev="tmpfs" ino=8278 scontext=u:r:untrusted_app:s0:c73,c256,c512,c768 tcontext=u:object_r:firstboot_prop:s0 tclass=file permissive=1
1785440462.315 10073  4360  4360 I kki.shadowfight: type=1400 audit(0.0:1740): avc: denied { getattr } for path="/dev/__properties__/u:object_r:firstboot_prop:s0" dev="tmpfs" ino=8278 scontext=u:r:untrusted_app:s0:c73,c256,c512,c768 tcontext=u:object_r:firstboot_prop:s0 tclass=file permissive=1
1785440462.329 10073  4360  4360 I MultiDex: VM with version 2.1.0 has multidex support
1785440462.329 10073  4360  4360 I MultiDex: Installing application
1785440462.329 10073  4360  4360 I MultiDex: VM has multidex support, MultiDex support library is disabled.
1785440462.335 10073  4360  4379 W kki.shadowfigh: Unknown chunk type '200'.
1785440462.336 10073  4360  4379 I chatty  : uid=10073(com.nekki.shadowfight) Thread-2 identical 7 lines
1785440462.336 10073  4360  4379 W kki.shadowfigh: Unknown chunk type '200'.
1785440462.336 10073  4360  4360 I System.out: Update settings xposed
1785440462.357 10073  4360  4360 I FirebaseApp: Device unlocked: initializing all Firebase APIs for app [DEFAULT]
1785440462.359 10073  4360  4360 I FirebaseCrashlytics: Initializing Firebase Crashlytics 18.2.4 for com.nekki.shadowfight
1785440462.406 10073  4360  4381 V FA      : Deferring to Google Analytics for Firebase for event data collection. https://goo.gl/J1sWQy
1785440462.414 10073  4360  4386 W kki.shadowfigh: Unsupported class loader
1785440462.418 10073  4360  4386 W kki.shadowfigh: Skipping duplicate class check due to unsupported classloader
1785440462.420 10073  4360  4386 I DynamiteModule: Considering local module com.google.android.gms.measurement.dynamite:51 and remote module com.google.android.gms.measurement.dynamite:199
1785440462.420 10073  4360  4386 I DynamiteModule: Selected remote version of com.google.android.gms.measurement.dynamite, version >= 199
1785440462.420 10073  4360  4386 V DynamiteModule: Dynamite loader version >= 2, using loadModule2NoCrashUtils
1785440462.421 10073  4360  4381 I DynamiteModule: Considering local module com.google.android.gms.ads.dynamite:0 and remote module com.google.android.gms.ads.dynamite:261710500
1785440462.421 10073  4360  4381 I DynamiteModule: Selected remote version of com.google.android.gms.ads.dynamite, version >= 261710500
1785440462.421 10073  4360  4381 V DynamiteModule: Dynamite loader version >= 2, using loadModule2NoCrashUtils
1785440462.432 10073  4360  4360 I FirebaseInitProvider: FirebaseApp initialization successful
1785440462.442 10073  4360  4397 I [myTarget]: start autoinitialization
1785440462.442 10073  4360  4389 D NetworkSecurityConfig: Using Network Security Config from resource network_security_config debugBuild: false
1785440462.442 10073  4360  4397 I [myTarget]: MyTarget initialization
1785440462.448 10073  4360  4386 W kki.shadowfigh: Unsupported class loader
1785440462.450 10073  4360  4389 E FirebaseCrashlytics: Settings request failed.
1785440462.466 10073  4360  4381 W kki.shadowfigh: Unsupported class loader
1785440462.474 10073  4360  4409 W GraphRequest: Starting with v13 of the SDK, a client token must be embedded in your client code before making Graph API calls. Visit https://developers.facebook.com/docs/android/getting-started#client-token to learn how to implement this change.
1785440462.485 10073  4360  4415 W GraphRequest: Starting with v13 of the SDK, a client token must be embedded in your client code before making Graph API calls. Visit https://developers.facebook.com/docs/android/getting-started#client-token to learn how to implement this change.
1785440462.492 10073  4360  4416 W GraphRequest: Starting with v13 of the SDK, a client token must be embedded in your client code before making Graph API calls. Visit https://developers.facebook.com/docs/android/getting-started#client-token to learn how to implement this change.
1785440462.508 10073  4360  4416 W GraphRequest: Starting with v13 of the SDK, a client token must be embedded in your client code before making Graph API calls. Visit https://developers.facebook.com/docs/android/getting-started#client-token to learn how to implement this change.
1785440462.529 10073  4360  4415 W GraphRequest: Starting with v13 of the SDK, a client token must be embedded in your client code before making Graph API calls. Visit https://developers.facebook.com/docs/android/getting-started#client-token to learn how to implement this change.
1785440462.540 10073  4360  4360 D OpenGLRenderer: Skia GL Pipeline
1785440462.542 10073  4360  4416 W GraphRequest: Starting with v13 of the SDK, a client token must be embedded in your client code before making Graph API calls. Visit https://developers.facebook.com/docs/android/getting-started#client-token to learn how to implement this change.
1785440462.551 10073  4360  4415 W GraphRequest: Starting with v13 of the SDK, a client token must be embedded in your client code before making Graph API calls. Visit https://developers.facebook.com/docs/android/getting-started#client-token to learn how to implement this change.
1785440462.559 10073  4360  4416 W GraphRequest: Starting with v13 of the SDK, a client token must be embedded in your client code before making Graph API calls. Visit https://developers.facebook.com/docs/android/getting-started#client-token to learn how to implement this change.
1785440462.569 10073  4360  4417 I kki.shadowfigh: The ClassLoaderContext is a special shared library.
1785440462.576 10073  4360  4417 D FBAudienceNetwork: SDK dex loading time: 82
1785440462.577 10073  4360  4415 W GraphRequest: Starting with v13 of the SDK, a client token must be embedded in your client code before making Graph API calls. Visit https://developers.facebook.com/docs/android/getting-started#client-token to learn how to implement this change.
1785440462.582 10073  4360  4416 W GraphRequest: Starting with v13 of the SDK, a client token must be embedded in your client code before making Graph API calls. Visit https://developers.facebook.com/docs/android/getting-started#client-token to learn how to implement this change.
1785440462.588 10073  4360  4360 W ActivityThread: handleWindowVisibility: no activity for token android.os.BinderProxy@10ba80d
1785440462.588 10073  4360  4415 W GraphRequest: Starting with v13 of the SDK, a client token must be embedded in your client code before making Graph API calls. Visit https://developers.facebook.com/docs/android/getting-started#client-token to learn how to implement this change.
1785440462.591 10073  4360  4429 D         : createUnique: call
1785440462.591 10073  4360  4429 D         : HostComposition ext GL_OES_EGL_image GL_OES_EGL_image_external GL_OES_depth24 GL_OES_depth32 GL_OES_element_index_uint GL_OES_texture_float GL_OES_texture_float_linear GL_OES_compressed_paletted_texture GL_OES_compressed_ETC1_RGB8_texture GL_OES_depth_texture GL_EXT_texture_format_BGRA8888 GL_APPLE_texture_format_BGRA8888 GL_OES_texture_half_float GL_EXT_robustness GL_OES_texture_half_float_linear GL_OES_packed_depth_stencil GL_OES_vertex_half_float GL_OES_texture_npot GL_OES_rgb8_rgba8 GL_EXT_color_buffer_float GL_EXT_texture_sRGB_decode ANDROID_gles_max_version_3_1 GL_OES_vertex_array_object GL_EXT_texture_buffer GL_EXT_copy_image GL_KHR_texture_compression_astc_ldr GL_KHR_texture_compression_astc_hdr GL_OES_texture_compression_astc GL_OES_EGL_image_external
1785440462.592 10073  4360  4429 I ConfigStore: android::hardware::configstore::V1_0::ISurfaceFlingerConfigs::hasWideColorDisplay retrieved: 0
1785440462.592 10073  4360  4429 I ConfigStore: android::hardware::configstore::V1_0::ISurfaceFlingerConfigs::hasHDRDisplay retrieved: 0
1785440462.592 10073  4360  4429 I OpenGLRenderer: Initialized EGL, version 1.4
1785440462.592 10073  4360  4429 D OpenGLRenderer: Swap behavior 1
1785440462.592 10073  4360  4429 D EGL_emulation: rcCreateContext wated version 2.0  rc:4
1785440462.610 10073  4360  4429 D EGL_emulation: eglMakeCurrent: 0xeb226490: ver 3 2 (tinfo 0xe1d37940) (first time)
1785440462.615 10073  4360  4409 W GraphRequest: Starting with v13 of the SDK, a client token must be embedded in your client code before making Graph API calls. Visit https://developers.facebook.com/docs/android/getting-started#client-token to learn how to implement this change.
1785440462.619 10073  4360  4429 D vndksupport: Loading /vendor/lib/hw/android.hardware.graphics.mapper@2.0-impl.so from current namespace instead of sphal namespace.
1785440462.622 10073  4360  4429 D vndksupport: Loading /vendor/lib/hw/gralloc.default.so from current namespace instead of sphal namespace.
1785440462.624 10073  4360  4429 D         : createUnique: call
1785440462.635 10073  4360  4429 D         : HostComposition ext GL_OES_EGL_image GL_OES_EGL_image_external GL_OES_depth24 GL_OES_depth32 GL_OES_element_index_uint GL_OES_texture_float GL_OES_texture_float_linear GL_OES_compressed_paletted_texture GL_OES_compressed_ETC1_RGB8_texture GL_OES_depth_texture GL_EXT_texture_format_BGRA8888 GL_APPLE_texture_format_BGRA8888 GL_OES_texture_half_float GL_EXT_robustness GL_OES_texture_half_float_linear GL_OES_packed_depth_stencil GL_OES_vertex_half_float GL_OES_texture_npot GL_OES_rgb8_rgba8 GL_EXT_color_buffer_float GL_EXT_texture_sRGB_decode ANDROID_gles_max_version_3_1 GL_OES_vertex_array_object GL_EXT_texture_buffer GL_EXT_copy_image GL_KHR_texture_compression_astc_ldr GL_KHR_texture_compression_astc_hdr GL_OES_texture_compression_astc GL_OES_EGL_image_external
1785440462.642 10073  4360  4430 I FA      : App measurement initialized, version: 175000
1785440462.642 10073  4360  4430 I FA      : To enable debug logging run: adb shell setprop log.tag.FA VERBOSE
1785440462.642 10073  4360  4430 I FA      : To enable faster debug mode event logging run:
1785440462.642 10073  4360  4430 I FA      :   adb shell setprop debug.firebase.analytics.app com.nekki.shadowfight
1785440462.692 10073  4360  4430 I FA      : Tag Manager is not found and thus will not be used
1785440462.705 10073  4360  4360 D ActivityWithPR: onCreate called!
1785440462.799 10073  4360  4409 W GraphRequest: Starting with v13 of the SDK, a client token must be embedded in your client code before making Graph API calls. Visit https://developers.facebook.com/docs/android/getting-started#client-token to learn how to implement this change.
1785440462.910 10073  4360  4438 I Unity   : SystemInfo CPU = ARMv7 VFPv3 NEON VMH, Cores = 4, Memory = 3941mb
1785440462.910 10073  4360  4438 I Unity   : SystemInfo ARM big.LITTLE configuration: 4 big (mask: 0xf), 0 little (mask: 0x0)
1785440462.911 10073  4360  4438 I Unity   : ApplicationInfo com.nekki.shadowfight version 2.19.0 build 1533869a-006e-4521-8d26-6c253f0dc29c
1785440462.911 10073  4360  4438 I Unity   : Built from '2018.4/staging' branch, Version '2018.4.25f1 (b07bfa0a8827)', Build type 'Release', Scripting Backend 'il2cpp', CPU 'armeabi-v7a'
1785440463.137 10073  4360  4438 E SchedPolicy: set_timerslack_ns write failed: Operation not permitted
1785440463.174 10073  4360  4438 D         : createUnique: call
1785440463.175 10073  4360  4438 D         : HostComposition ext GL_OES_EGL_image GL_OES_EGL_image_external GL_OES_depth24 GL_OES_depth32 GL_OES_element_index_uint GL_OES_texture_float GL_OES_texture_float_linear GL_OES_compressed_paletted_texture GL_OES_compressed_ETC1_RGB8_texture GL_OES_depth_texture GL_EXT_texture_format_BGRA8888 GL_APPLE_texture_format_BGRA8888 GL_OES_texture_half_float GL_EXT_robustness GL_OES_texture_half_float_linear GL_OES_packed_depth_stencil GL_OES_vertex_half_float GL_OES_texture_npot GL_OES_rgb8_rgba8 GL_EXT_color_buffer_float GL_EXT_texture_sRGB_decode ANDROID_gles_max_version_3_1 GL_OES_vertex_array_object GL_EXT_texture_buffer GL_EXT_copy_image GL_KHR_texture_compression_astc_ldr GL_KHR_texture_compression_astc_hdr GL_OES_texture_compression_astc GL_OES_EGL_image_external
1785440463.175 10073  4360  4438 D EGL_emulation: rcCreateContext wated version 3.1  rc:4
1785440463.180 10073  4360  4438 E EGL_emulation: [getAttribValue] Bad attribute idx
1785440463.180 10073  4360  4438 D EGL_emulation: eglGetConfigAttrib: bad attrib 0x1
1785440463.180 10073  4360  4438 E EGL_emulation: tid 4438: eglGetConfigAttrib(1022): error 0x3004 (EGL_BAD_ATTRIBUTE)
1785440463.195 10073  4360  4438 D EGL_emulation: rcCreateContext wated version 3.0  rc:4
1785440463.196 10073  4360  4438 D EGL_emulation: eglMakeCurrent: 0xe4a25360: ver 3 2 (tinfo 0xb6660a00) (first time)
1785440463.199 10073  4360  4438 D Unity   :  GL_OES_EGL_image GL_OES_EGL_image_external GL_OES_depth24 GL_OES_depth32 GL_OES_element_index_uint GL_OES_texture_float GL_OES_texture_float_linear GL_OES_compressed_paletted_texture GL_OES_compressed_ETC1_RGB8_texture GL_OES_depth_texture GL_EXT_texture_format_BGRA8888 GL_APPLE_texture_format_BGRA8888 GL_OES_texture_half_float GL_OES_texture_half_float_linear GL_OES_packed_depth_stencil GL_OES_vertex_half_float GL_OES_texture_npot GL_OES_rgb8_rgba8 GL_EXT_color_buffer_float GL_EXT_color_buffer_half_float GL_EXT_robustness GL_OES_EGL_image_external_essl3 GL_OES_vertex_array_object GL_EXT_blend_minmax GL_EXT_debug_marker GL_EXT_shader_texture_lod GL_EXT_sRGB GL_EXT_texture_border_clamp GL_EXT_texture_filter_anisotropic GL_EXT_texture_type_2_10_10_10_REV GL_KHR_blend_equation_advanced GL_KHR_blend_equation_advanced_coherent GL_OES_EGL_sync GL_OES_standard_derivatives GL_OES_surfaceless_context GL_EXT_read_format_bgra GL_EXT_texture_buffer GL_EXT_copy_image GL_KHR_texture_compression_astc_hdr GL_OES_texture_co
1785440463.199 10073  4360  4438 D Unity   : mpression_astc GL_KHR_texture_compression_astc_ldr GL_EXT_EGL_image_external_wrap_modes GL_OES_sample_shading GL_OES_sample_variables GL_OES_shader_multisample_interpolation GL_EXT_blend_func_extended GL_EXT_geometry_shader GL_EXT_geometry_point_size GL_EXT_primitive_bounding_box GL_EXT_shader_io_blocks GL_EXT_tessellation_point_size GL_EXT_tessellation_shader GL_EXT_texture_cube_map_array GL_EXT_texture_norm16 GL_OES_shader_image_atomic GL_OES_texture_stencil8 GL_OES_texture_storage_multisample_2d_array
1785440463.231 10073  4360  4468 W AudioTrack: Use of stream types is deprecated for operations other than volume control
1785440463.231 10073  4360  4468 W AudioTrack: See the documentation of AudioTrack() for what to use instead with android.media.AudioAttributes to qualify your playback use case
1785440463.419 10073  4360  4438 V MediaRouter: Adding route: RouteInfo{ name=Планшетный ПК, description=null, status=null, category=RouteCategory{ name=Система types=ROUTE_TYPE_LIVE_AUDIO ROUTE_TYPE_LIVE_VIDEO  groupable=false }, supportedTypes=ROUTE_TYPE_LIVE_AUDIO ROUTE_TYPE_LIVE_VIDEO , presentationDisplay=null }
1785440463.421 10073  4360  4438 V MediaRouter: Selecting route: RouteInfo{ name=Планшетный ПК, description=null, status=null, category=RouteCategory{ name=Система types=ROUTE_TYPE_LIVE_AUDIO ROUTE_TYPE_LIVE_VIDEO  groupable=false }, supportedTypes=ROUTE_TYPE_LIVE_AUDIO ROUTE_TYPE_LIVE_VIDEO , presentationDisplay=null }
1785440463.610 10073  4360  4438 I Unity   : GameStarted: 1785440463455
1785440463.610 10073  4360  4438 I Unity   : UnityEngine.Logger:Log(LogType, Object)
1785440463.610 10073  4360  4438 I Unity   : Nekki.SF2.GUI.Scenes.GameLoaderScene:OIPLBKIDCFM(Object)
1785440463.610 10073  4360  4438 I Unity   : Nekki.SF2.GUI.Scene`1:CAMKGJDMIHP()
1785440463.610 10073  4360  4438 I Unity   : (Filename: ./Runtime/Export/Debug.bindings.h Line: 45)
1785440463.615 10073  4360  4438 I Unity   : SF2Paths::Init: CurrentStorage: /storage/emulated/0/Android/data/com.nekki.shadowfight/files
1785440463.615 10073  4360  4438 I Unity   : UnityEngine.Logger:Log(LogType, Object)
1785440463.615 10073  4360  4438 I Unity   : CINLHKKCJGG:OIPLBKIDCFM()
1785440463.615 10073  4360  4438 I Unity   : Nekki.SF2.GUI.Scenes.GameLoaderScene:OIPLBKIDCFM(Object)
1785440463.615 10073  4360  4438 I Unity   : Nekki.SF2.GUI.Scene`1:CAMKGJDMIHP()
1785440463.615 10073  4360  4438 I Unity   : (Filename: ./Runtime/Export/Debug.bindings.h Line: 45)
1785440463.617 10073  4360  4438 I Unity   : SF2Paths::Init: CurrentCachedStorage: /storage/emulated/0/Android/data/com.nekki.shadowfight/files
1785440463.617 10073  4360  4438 I Unity   : UnityEngine.Logger:Log(LogType, Object)
1785440463.617 10073  4360  4438 I Unity   : Nekki.SF2.GUI.Scenes.GameLoaderScene:OIPLBKIDCFM(Object)
1785440463.617 10073  4360  4438 I Unity   : Nekki.SF2.GUI.Scene`1:CAMKGJDMIHP()
1785440463.617 10073  4360  4438 I Unity   : (Filename: ./Runtime/Export/Debug.bindings.h Line: 45)
1785440463.621 10073  4360  4438 I Unity   : InitSettings::InitSettings
1785440463.621 10073  4360  4438 I Unity   : UnityEngine.Logger:Log(LogType, Object)
1785440463.621 10073  4360  4438 I Unity   : EOHOLGLPANG:.ctor()
1785440463.621 10073  4360  4438 I Unity   : BPODGBGPPBE:DMPEOHLMPKA()
1785440463.621 10073  4360  4438 I Unity   : Nekki.SF2.GUI.Scenes.MJBINJHDFBA:JHPCFEJKMBF()
1785440463.621 10073  4360  4438 I Unity   : Nekki.SF2.GUI.Scenes.MJBINJHDFBA:GFADNHNOBNG()
1785440463.621 10073  4360  4438 I Unity   : Nekki.SF2.GUI.Scenes.GameLoaderScene:OIPLBKIDCFM(Object)
1785440463.621 10073  4360  4438 I Unity   : Nekki.SF2.GUI.Scene`1:CAMKGJDMIHP()
1785440463.621 10073  4360  4438 I Unity   : (Filename: ./Runtime/Export/Debug.bindings.h Line: 45)
1785440463.628 10073  4360  4438 E Unity   : Error open xml: /storage/emulated/0/Android/data/com.nekki.shadowfight/files/userdata/initSettings.bin
1785440463.628 10073  4360  4438 E Unity   : UnityEngine.Logger:Log(LogType, Object)
1785440463.628 10073  4360  4438 E Unity   : PCMIKCPDDKM:KKLCPJKNFLL(String, String, FPKAKMNOFCH, Boolean, Boolean, Boolean, Boolean)
1785440463.628 10073  4360  4438 E Unity   : PCMIKCPDDKM:KKLCPJKNFLL(String, FPKAKMNOFCH, Boolean, Boolean, Boolean, Boolean)
1785440463.628 10073  4360  4438 E Unity   : EOHOLGLPANG:LEHGBJLGPHF()
1785440463.628 10073  4360  4438 E Unity   : BPODGBGPPBE:DMPEOHLMPKA()
1785440463.628 10073  4360  4438 E Unity   : Nekki.SF2.GUI.Scenes.MJBINJHDFBA:JHPCFEJKMBF()
1785440463.628 10073  4360  4438 E Unity   : Nekki.SF2.GUI.Scenes.MJBINJHDFBA:GFADNHNOBNG()
1785440463.628 10073  4360  4438 E Unity   : Nekki.SF2.GUI.Scenes.GameLoaderScene:OIPLBKIDCFM(Object)
1785440463.628 10073  4360  4438 E Unity   : Nekki.SF2.GUI.Scene`1:CAMKGJDMIHP()
1785440463.628 10073  4360  4438 E Unity   : (Filename: ./Runtime/Export/Debug.bindings.h Line: 45)
1785440463.632 10073  4360  4438 I Unity   : LocalizationManager.GetDesiredLanguageName: ru|rus
1785440463.632 10073  4360  4438 I Unity   : UnityEngine.Logger:LogFormat(LogType, String, Object[])
1785440463.632 10073  4360  4438 I Unity   : UnityEngine.Debug:LogFormat(String, Object[])
1785440463.632 10073  4360  4438 I Unity   : EFCOKPCENDJ:ICEIGPEEJMP()
1785440463.632 10073  4360  4438 I Unity   : EOHOLGLPANG:LEHGBJLGPHF()
1785440463.632 10073  4360  4438 I Unity   : BPODGBGPPBE:DMPEOHLMPKA()
1785440463.632 10073  4360  4438 I Unity   : Nekki.SF2.GUI.Scenes.MJBINJHDFBA:JHPCFEJKMBF()
1785440463.632 10073  4360  4438 I Unity   : Nekki.SF2.GUI.Scenes.MJBINJHDFBA:GFADNHNOBNG()
1785440463.632 10073  4360  4438 I Unity   : Nekki.SF2.GUI.Scenes.GameLoaderScene:OIPLBKIDCFM(Object)
1785440463.632 10073  4360  4438 I Unity   : Nekki.SF2.GUI.Scene`1:CAMKGJDMIHP()
1785440463.632 10073  4360  4438 I Unity   : (Filename: ./Runtime/Export/Debug.bindings.h Line: 45)
1785440463.646 10073  4360  4438 I Unity   : AndroidAgent ctr
1785440463.646 10073  4360  4438 I Unity   : UnityEngine.Logger:Log(LogType, Object)
1785440463.646 10073  4360  4438 I Unity   : JHPIHBOAGHH:.ctor()
1785440463.646 10073  4360  4438 I Unity   : JHPIHBOAGHH:LCEKGIPLHNO()
1785440463.646 10073  4360  4438 I Unity   : IronSourceInitilizer:Initilize()
1785440463.646 10073  4360  4438 I Unity   : (Filename: ./Runtime/Export/Debug.bindings.h Line: 45)
1785440463.648 10073  4360  4438 I ironSourceSDK: API: setRewardedVideoListener(RVListener)
1785440463.648 10073  4360  4438 I ironSourceSDK: API: setInterstitialListener(ISListener)
1785440463.648 10073  4360  4438 I ironSourceSDK: API: setOfferwallListener(OWListener)
1785440463.648 10073  4360  4438 I ironSourceSDK: API: IronSource addImpressionDataListener - add impression data listener to AndroidBridge
1785440463.650 10073  4360  4438 I ironSourceSDK: API: setAdaptersDebug : true
1785440463.650 10073  4360  4438 I IntegrationHelper: Verifying Integration:
1785440463.650 10073  4360  4438 I IntegrationHelper: *** Permissions ***
1785440463.650 10073  4360  4438 I IntegrationHelper: android.permission.INTERNET - VERIFIED
1785440463.650 10073  4360  4438 I IntegrationHelper: android.permission.ACCESS_NETWORK_STATE - VERIFIED
1785440463.651 10073  4360  4438 I IntegrationHelper: --------------- AdColony --------------
1785440463.651 10073  4360  4438 I IntegrationHelper: Adapter 4.3.9 - VERIFIED
1785440463.651 10073  4360  4438 I IntegrationHelper: Adapter - VERIFIED
1785440463.651 10073  4360  4438 W validateSDKVersion: Unable to get SDK version
1785440463.651 10073  4360  4438 I IntegrationHelper: *** Activities ***
1785440463.651 10073  4360  4438 I IntegrationHelper: com.adcolony.sdk.AdColonyInterstitialActivity - VERIFIED
1785440463.652 10073  4360  4438 I IntegrationHelper: com.adcolony.sdk.AdColonyAdViewActivity - VERIFIED
1785440463.668 10073  4360  4438 I IntegrationHelper: >>>> AdColony - VERIFIED
1785440463.668 10073  4360  4438 I IntegrationHelper: --------------- AdMob --------------
1785440463.668 10073  4360  4438 I IntegrationHelper: Adapter 4.3.23 - VERIFIED
1785440463.668 10073  4360  4438 I IntegrationHelper: Adapter - VERIFIED
1785440463.668 10073  4360  4438 W validateSDKVersion: Unable to get SDK version
1785440463.668 10073  4360  4438 I IntegrationHelper: *** Activities ***
1785440463.669 10073  4360  4438 I IntegrationHelper: com.google.android.gms.ads.AdActivity - VERIFIED
1785440463.684 10073  4360  4438 I IntegrationHelper: >>>> AdMob - VERIFIED
1785440463.684 10073  4360  4438 I IntegrationHelper: --------------- AppLovin --------------
1785440463.684 10073  4360  4438 I IntegrationHelper: Adapter 4.3.28 - VERIFIED
1785440463.684 10073  4360  4438 I IntegrationHelper: Adapter - VERIFIED
1785440463.684 10073  4360  4438 I IntegrationHelper: SDK Version - 10.3.2
1785440463.684 10073  4360  4438 I IntegrationHelper: *** Activities ***
1785440463.685 10073  4360  4438 I IntegrationHelper: com.applovin.adview.AppLovinInterstitialActivity - VERIFIED
1785440463.685 10073  4360  4438 I IntegrationHelper: com.applovin.sdk.AppLovinWebViewActivity - VERIFIED
1785440463.686 10073  4360  4438 I IntegrationHelper: com.applovin.adview.AppLovinFullscreenActivity - VERIFIED
1785440463.701 10073  4360  4438 I IntegrationHelper: >>>> AppLovin - VERIFIED
1785440463.701 10073  4360  4438 I IntegrationHelper: --------------- Chartboost --------------
1785440463.701 10073  4360  4438 I IntegrationHelper: Adapter 4.3.7 - VERIFIED
1785440463.701 10073  4360  4438 I IntegrationHelper: Adapter - VERIFIED
1785440463.701 10073  4360  4438 I IntegrationHelper: SDK Version - 8.2.1
1785440463.701 10073  4360  4438 I IntegrationHelper: *** Activities ***
1785440463.702 10073  4360  4438 I IntegrationHelper: com.chartboost.sdk.CBImpressionActivity - VERIFIED
1785440463.718 10073  4360  4438 I IntegrationHelper: >>>> Chartboost - VERIFIED
1785440463.718 10073  4360  4438 I IntegrationHelper: --------------- Facebook --------------
1785440463.718 10073  4360  4438 I IntegrationHelper: Adapter 4.3.33 - VERIFIED
1785440463.718 10073  4360  4438 I IntegrationHelper: Adapter - VERIFIED
1785440463.718 10073  4360  4438 I IntegrationHelper: SDK Version - 6.8.0
1785440463.718 10073  4360  4438 I IntegrationHelper: *** Activities ***
1785440463.719 10073  4360  4438 I IntegrationHelper: com.facebook.ads.AudienceNetworkActivity - VERIFIED
1785440463.733 10073  4360  4438 I IntegrationHelper: >>>> Facebook - VERIFIED
1785440463.734 10073  4360  4438 I IntegrationHelper: --------------- Fyber --------------
1785440463.734 10073  4360  4438 I IntegrationHelper: Adapter 4.3.16 - VERIFIED
1785440463.734 10073  4360  4438 I IntegrationHelper: Adapter - VERIFIED
1785440463.734 10073  4360  4438 I IntegrationHelper: SDK Version - 7.8.4
1785440463.734 10073  4360  4438 I IntegrationHelper: *** Activities ***
1785440463.735 10073  4360  4438 I IntegrationHelper: com.fyber.inneractive.sdk.activities.InneractiveInternalBrowserActivity - VERIFIED
1785440463.736 10073  4360  4438 I IntegrationHelper: com.fyber.inneractive.sdk.activities.InneractiveFullscreenAdActivity - VERIFIED
1785440463.736 10073  4360  4438 I IntegrationHelper: com.fyber.inneractive.sdk.activities.InneractiveRichMediaVideoPlayerActivityCore - VERIFIED
1785440463.752 10073  4360  4438 I IntegrationHelper: >>>> Fyber - VERIFIED
1785440463.752 10073  4360  4438 I IntegrationHelper: --------------- HyprMX --------------
1785440463.753 10073  4360  4438 E IntegrationHelper: Adapter - MISSING
1785440463.753 10073  4360  4438 E IntegrationHelper: >>>> HyprMX - NOT VERIFIED
1785440463.753 10073  4360  4438 I IntegrationHelper: --------------- InMobi --------------
1785440463.753 10073  4360  4438 E IntegrationHelper: Adapter - MISSING
1785440463.753 10073  4360  4438 E IntegrationHelper: >>>> InMobi - NOT VERIFIED
1785440463.753 10073  4360  4438 I IntegrationHelper: --------------- IronSource  --------------
1785440463.753 10073  4360  4438 I IntegrationHelper: Adapter 7.1.12.2 - VERIFIED
1785440463.753 10073  4360  4438 I IntegrationHelper: SDK Version - 5.108
1785440463.753 10073  4360  4438 I IntegrationHelper: *** Activities ***
1785440463.753 10073  4360  4438 I IntegrationHelper: com.ironsource.sdk.controller.ControllerActivity - VERIFIED
1785440463.754 10073  4360  4438 I IntegrationHelper: com.ironsource.sdk.controller.InterstitialActivity - VERIFIED
1785440463.754 10073  4360  4438 I IntegrationHelper: com.ironsource.sdk.controller.OpenUrlActivity - VERIFIED
1785440463.770 10073  4360  4438 I IntegrationHelper: *** Content Providers ***
1785440463.770 10073  4360  4438 D IntegrationHelper: com.ironsource.lifecycle.IronsourceLifecycleProvider- VERIFIED
1785440463.770 10073  4360  4438 I IntegrationHelper: >>>> IronSource - VERIFIED
1785440463.770 10073  4360  4438 I IntegrationHelper: --------------- Maio --------------
1785440463.770 10073  4360  4438 E IntegrationHelper: Adapter - MISSING
1785440463.770 10073  4360  4438 E IntegrationHelper: >>>> Maio - NOT VERIFIED
1785440463.770 10073  4360  4438 I IntegrationHelper: --------------- MyTarget --------------
1785440463.770 10073  4360  4438 I IntegrationHelper: Adapter 4.1.11 - VERIFIED
1785440463.770 10073  4360  4438 I IntegrationHelper: Adapter - VERIFIED
1785440463.770 10073  4360  4438 I IntegrationHelper: SDK Version - 5.13.3
1785440463.770 10073  4360  4438 I IntegrationHelper: *** Activities ***
1785440463.771 10073  4360  4438 I IntegrationHelper: com.my.target.common.MyTargetActivity - VERIFIED
1785440463.786 10073  4360  4438 I IntegrationHelper: >>>> MyTarget - VERIFIED
1785440463.786 10073  4360  4438 I IntegrationHelper: --------------- Pangle --------------
1785440463.787 10073  4360  4438 E IntegrationHelper: Adapter - MISSING
1785440463.787 10073  4360  4438 E IntegrationHelper: >>>> Pangle - NOT VERIFIED
1785440463.787 10073  4360  4438 I IntegrationHelper: --------------- Smaato --------------
1785440463.787 10073  4360  4438 E IntegrationHelper: Adapter - MISSING
1785440463.787 10073  4360  4438 E IntegrationHelper: >>>> Smaato - NOT VERIFIED
1785440463.787 10073  4360  4438 I IntegrationHelper: --------------- Tapjoy --------------
1785440463.787 10073  4360  4438 I IntegrationHelper: Adapter 4.1.19 - VERIFIED
1785440463.787 10073  4360  4438 I IntegrationHelper: Adapter - VERIFIED
1785440463.787 10073  4360  4438 I IntegrationHelper: SDK Version - 12.8.1
1785440463.787 10073  4360  4438 I IntegrationHelper: *** Activities ***
1785440463.787 10073  4360  4438 I IntegrationHelper: com.tapjoy.TJAdUnitActivity - VERIFIED
1785440463.787 10073  4360  4438 I IntegrationHelper: com.tapjoy.TJContentActivity - VERIFIED
1785440463.803 10073  4360  4438 I IntegrationHelper: >>>> Tapjoy - VERIFIED
1785440463.803 10073  4360  4438 I IntegrationHelper: --------------- UnityAds --------------
1785440463.803 10073  4360  4438 I IntegrationHelper: Adapter 4.3.16 - VERIFIED
1785440463.803 10073  4360  4438 I IntegrationHelper: Adapter - VERIFIED
1785440463.803 10073  4360  4438 I IntegrationHelper: SDK Version - 3.7.5
1785440463.803 10073  4360  4438 I IntegrationHelper: *** Activities ***
1785440463.803 10073  4360  4438 I IntegrationHelper: com.unity3d.services.ads.adunit.AdUnitActivity - VERIFIED
1785440463.804 10073  4360  4438 I IntegrationHelper: com.unity3d.services.ads.adunit.AdUnitTransparentActivity - VERIFIED
1785440463.804 10073  4360  4438 I IntegrationHelper: com.unity3d.services.ads.adunit.AdUnitTransparentSoftwareActivity - VERIFIED
1785440463.805 10073  4360  4438 I IntegrationHelper: com.unity3d.services.ads.adunit.AdUnitSoftwareActivity - VERIFIED
1785440463.819 10073  4360  4438 I IntegrationHelper: >>>> UnityAds - VERIFIED
1785440463.819 10073  4360  4438 I IntegrationHelper: --------------- Vungle --------------
1785440463.819 10073  4360  4438 I IntegrationHelper: Adapter 4.3.12 - VERIFIED
1785440463.819 10073  4360  4438 I IntegrationHelper: Adapter - VERIFIED
1785440463.819 10073  4360  4438 I IntegrationHelper: SDK Version - 6.10.2
1785440463.835 10073  4360  4438 I IntegrationHelper: >>>> Vungle - VERIFIED
1785440463.835 10073  4360  4476 W IntegrationHelper: --------------- Google Play Services --------------
1785440463.837 10073  4360  4476 I IntegrationHelper: Google Play Services - VERIFIED
1785440463.845 10073  4360  4476 I IntegrationHelper: GAID is: c3623c50-daf7-4a4d-89d5-9429e835c0ee (use this for test devices)
1785440463.858 10073  4360  4450 E Unity   : UnityWebRequest: errorCallback with error=java.net.UnknownHostException: Unable to resolve host "config.uca.cloud.unity3d.com": No address associated with hostname url=https://config.uca.cloud.unity3d.com
1785440463.858 10073  4360  4450 E Unity   : java.net.UnknownHostException: Unable to resolve host "config.uca.cloud.unity3d.com": No address associated with hostname
1785440463.858 10073  4360  4450 E Unity   : (Filename:  Line: 474)
1785440463.864 10073  4360  4438 I Unity   : PermissionsModule.CheckPermission
1785440463.864 10073  4360  4438 I Unity   : UnityEngine.Logger:Log(LogType, Object)
1785440463.864 10073  4360  4438 I Unity   : FBODKIEEDEK:GIAAABOALAG()
1785440463.864 10073  4360  4438 I Unity   : LOFNDGFJIAE:MMAEPOLKNFO(LOFNDGFJIAE)
1785440463.864 10073  4360  4438 I Unity   : Nekki.SF2.GUI.Scenes.GameLoaderScene:Update()
1785440463.864 10073  4360  4438 I Unity   : (Filename: ./Runtime/Export/Debug.bindings.h Line: 45)
1785440463.976 10073  4360  4451 E Unity   : UnityWebRequest: errorCallback with error=java.net.UnknownHostException: Unable to resolve host "cdp.cloud.unity3d.com": No address associated with hostname url=https://cdp.cloud.unity3d.com/v1/events
1785440463.976 10073  4360  4451 E Unity   : java.net.UnknownHostException: Unable to resolve host "cdp.cloud.unity3d.com": No address associated with hostname
1785440463.976 10073  4360  4451 E Unity   : (Filename:  Line: 474)
1785440463.994 10073  4360  4438 D AppsFlyer_6.4.1: Initializing AppsFlyer SDK: (v6.4.1.122)
1785440463.999 10073  4360  4438 I Unity   : [AppsFlyerController] Init
1785440463.999 10073  4360  4438 I Unity   : UnityEngine.Logger:Log(LogType, Object)
1785440463.999 10073  4360  4438 I Unity   : KMKBOPPLLCA:OIPLBKIDCFM()
1785440463.999 10073  4360  4438 I Unity   : KMKBOPPLLCA:GIAAABOALAG()
1785440463.999 10073  4360  4438 I Unity   : LOFNDGFJIAE:MMAEPOLKNFO(LOFNDGFJIAE)
1785440463.999 10073  4360  4438 I Unity   : Nekki.SF2.GUI.Scenes.GameLoaderScene:Update()
1785440463.999 10073  4360  4438 I Unity   : (Filename: ./Runtime/Export/Debug.bindings.h Line: 45)
1785440464.000 10073  4360  4438 I Unity   : [FacebookManager] Init
1785440464.000 10073  4360  4438 I Unity   : UnityEngine.Logger:Log(LogType, Object)
1785440464.000 10073  4360  4438 I Unity   : LGMJMCINCFH:OIPLBKIDCFM(InitDelegate)
1785440464.000 10073  4360  4438 I Unity   : KMKBOPPLLCA:OIPLBKIDCFM()
1785440464.000 10073  4360  4438 I Unity   : KMKBOPPLLCA:GIAAABOALAG()
1785440464.000 10073  4360  4438 I Unity   : LOFNDGFJIAE:MMAEPOLKNFO(LOFNDGFJIAE)
1785440464.000 10073  4360  4438 I Unity   : Nekki.SF2.GUI.Scenes.GameLoaderScene:Update()
1785440464.000 10073  4360  4438 I Unity   : (Filename: ./Runtime/Export/Debug.bindings.h Line: 45)
1785440464.005 10073  4360  4438 I Unity   : [MEONEBIIBDJ]: Init
1785440464.005 10073  4360  4438 I Unity   : UnityEngine.Logger:LogFormat(LogType, String, Object[])
1785440464.005 10073  4360  4438 I Unity   : UnityEngine.Debug:LogFormat(String, Object[])
1785440464.005 10073  4360  4438 I Unity   : MEONEBIIBDJ:OIPLBKIDCFM()
1785440464.005 10073  4360  4438 I Unity   : KMKBOPPLLCA:OIPLBKIDCFM()
1785440464.005 10073  4360  4438 I Unity   : KMKBOPPLLCA:GIAAABOALAG()
1785440464.005 10073  4360  4438 I Unity   : LOFNDGFJIAE:MMAEPOLKNFO(LOFNDGFJIAE)
1785440464.005 10073  4360  4438 I Unity   : Nekki.SF2.GUI.Scenes.GameLoaderScene:Update()
1785440464.005 10073  4360  4438 I Unity   : (Filename: ./Runtime/Export/Debug.bindings.h Line: 45)
1785440464.026 10073  4360  4438 V com.facebook.unity.FB: SetUserAgentSuffix(Unity.11.0.0)
1785440464.027 10073  4360  4438 V com.facebook.unity.FB: Init({"appId":"574222965958387"})
1785440464.028 10073  4360  4438 D com.facebook.unity.FB: KeyHash: XQgmS0Tg5T+8zHC08BZHTMbFq1w=
1785440464.028 10073  4360  4438 V com.facebook.unity.FB: sending to Unity OnInitComplete({"key_hash":"XQgmS0Tg5T+8zHC08BZHTMbFq1w=\n"})
1785440464.029 10073  4360  4415 W GraphRequest: Starting with v13 of the SDK, a client token must be embedded in your client code before making Graph API calls. Visit https://developers.facebook.com/docs/android/getting-started#client-token to learn how to implement this change.
1785440464.030 10073  4360  4438 I Unity   : Using Facebook Unity SDK v11.0.0 with FBAndroidSDK/11.2.0
1785440464.030 10073  4360  4438 I Unity   : UnityEngine.Logger:Log(LogType, Object)
1785440464.030 10073  4360  4438 I Unity   : Facebook.Unity.CompiledFacebookLoader:Start()
1785440464.030 10073  4360  4438 I Unity   : (Filename: ./Runtime/Export/Debug.bindings.h Line: 45)
1785440464.034 10073  4360  4438 I Unity   : [FacebookManager] InitCallback: GraphApiVersion='v8.0'
1785440464.034 10073  4360  4438 I Unity   : UnityEngine.Logger:LogFormat(LogType, String, Object[])
1785440464.034 10073  4360  4438 I Unity   : UnityEngine.Debug:LogFormat(String, Object[])
1785440464.034 10073  4360  4438 I Unity   : LGMJMCINCFH:EFINFCIDDDA()
1785440464.034 10073  4360  4438 I Unity   : Facebook.Unity.CallbackManager:TryCallCallback(Object, IResult)
1785440464.034 10073  4360  4438 I Unity   : Facebook.Unity.CallbackManager:CallCallback(Object, IResult)
1785440464.034 10073  4360  4438 I Unity   : Facebook.Unity.CallbackManager:OnFacebookResponse(IInternalResult)
1785440464.034 10073  4360  4438 I Unity   : (Filename: ./Runtime/Export/Debug.bindings.h Line: 45)
1785440464.046 10073  4360  4416 W GraphRequest: Starting with v13 of the SDK, a client token must be embedded in your client code before making Graph API calls. Visit https://developers.facebook.com/docs/android/getting-started#client-token to learn how to implement this change.
1785440464.106 10073  4360  4438 I Unity   : [LocalNotificationProvider_UTNotifications] Init
1785440464.106 10073  4360  4438 I Unity   : UnityEngine.Logger:Log(LogType, Object)
1785440464.106 10073  4360  4438 I Unity   : ONDINIJKALM:OIPLBKIDCFM()
1785440464.106 10073  4360  4438 I Unity   : FHNLJNPMGKI:OIPLBKIDCFM()
1785440464.106 10073  4360  4438 I Unity   : NGIBGBMNEAJ:GIAAABOALAG()
1785440464.106 10073  4360  4438 I Unity   : LOFNDGFJIAE:MMAEPOLKNFO(LOFNDGFJIAE)
1785440464.106 10073  4360  4438 I Unity   : Nekki.SF2.GUI.Scenes.GameLoaderScene:Update()
1785440464.106 10073  4360  4438 I Unity   : (Filename: ./Runtime/Export/Debug.bindings.h Line: 45)
1785440464.123 10073  4360  4482 I System.out: engineVerify
1785440464.157 10073  4360  4438 I Unity   : [RemoteNotificationManager] Init
1785440464.157 10073  4360  4438 I Unity   : UnityEngine.Logger:Log(LogType, Object)
1785440464.157 10073  4360  4438 I Unity   : HPIPPENHDJL:OIPLBKIDCFM()
1785440464.157 10073  4360  4438 I Unity   : NGIBGBMNEAJ:GIAAABOALAG()
1785440464.157 10073  4360  4438 I Unity   : LOFNDGFJIAE:MMAEPOLKNFO(LOFNDGFJIAE)
1785440464.157 10073  4360  4438 I Unity   : Nekki.SF2.GUI.Scenes.GameLoaderScene:Update()
1785440464.157 10073  4360  4438 I Unity   : (Filename: ./Runtime/Export/Debug.bindings.h Line: 45)
1785440464.159 10073  4360  4438 I Unity   : [RemoteNotificationProvider_Firebase] Init - CheckAndFixDependenciesAsync started.
1785440464.159 10073  4360  4438 I Unity   : UnityEngine.Logger:Log(LogType, Object)
1785440464.159 10073  4360  4438 I Unity   : HCOEHACDIBL:OIPLBKIDCFM()
1785440464.159 10073  4360  4438 I Unity   : HPIPPENHDJL:OIPLBKIDCFM()
1785440464.159 10073  4360  4438 I Unity   : NGIBGBMNEAJ:GIAAABOALAG()
1785440464.159 10073  4360  4438 I Unity   : LOFNDGFJIAE:MMAEPOLKNFO(LOFNDGFJIAE)
1785440464.159 10073  4360  4438 I Unity   : Nekki.SF2.GUI.Scenes.GameLoaderScene:Update()
1785440464.159 10073  4360  4438 I Unity   : (Filename: ./Runtime/Export/Debug.bindings.h Line: 45)
1785440464.186 10073  4360  4438 I Unity   : SystemProperties::InitDeviceInfo: Id = samsung SM-N976N
1785440464.186 10073  4360  4438 I Unity   : UnityEngine.Logger:Log(LogType, Object)
1785440464.186 10073  4360  4438 I Unity   : SystemProperties:InitDeviceInfo()
1785440464.186 10073  4360  4438 I Unity   : NGIBGBMNEAJ:GIAAABOALAG()
1785440464.186 10073  4360  4438 I Unity   : LOFNDGFJIAE:MMAEPOLKNFO(LOFNDGFJIAE)
1785440464.186 10073  4360  4438 I Unity   : Nekki.SF2.GUI.Scenes.GameLoaderScene:Update()
1785440464.186 10073  4360  4438 I Unity   : (Filename: ./Runtime/Export/Debug.bindings.h Line: 45)
1785440464.187 10073  4360  4438 I Unity   : SystemProperties::InitDeviceInfo: RamBytes = 4132438016
1785440464.187 10073  4360  4438 I Unity   : UnityEngine.Logger:Log(LogType, Object)
1785440464.187 10073  4360  4438 I Unity   : SystemProperties:InitDeviceInfo()
1785440464.187 10073  4360  4438 I Unity   : NGIBGBMNEAJ:GIAAABOALAG()
1785440464.187 10073  4360  4438 I Unity   : LOFNDGFJIAE:MMAEPOLKNFO(LOFNDGFJIAE)
1785440464.187 10073  4360  4438 I Unity   : Nekki.SF2.GUI.Scenes.GameLoaderScene:Update()
1785440464.187 10073  4360  4438 I Unity   : (Filename: ./Runtime/Export/Debug.bindings.h Line: 45)
1785440464.195 10073  4360  4438 W Unity   : ERROR: SystemProperties::setPicturePaths - PATH_DEFAULT
1785440464.195 10073  4360  4438 W Unity   : UnityEngine.Logger:LogFormat(LogType, String, Object[])
1785440464.195 10073  4360  4438 W Unity   : UnityEngine.Debug:LogWarningFormat(String, Object[])
1785440464.195 10073  4360  4438 W Unity   : SystemProperties:SetPicturePaths(PathType)
1785440464.195 10073  4360  4438 W Unity   : SystemProperties:InitResolution(XmlDocument)
1785440464.195 10073  4360  4438 W Unity   : NGIBGBMNEAJ:GIAAABOALAG()
1785440464.195 10073  4360  4438 W Unity   : LOFNDGFJIAE:MMAEPOLKNFO(LOFNDGFJIAE)
1785440464.195 10073  4360  4438 W Unity   : Nekki.SF2.GUI.Scenes.GameLoaderScene:Update()
1785440464.195 10073  4360  4438 W Unity   : (Filename: ./Runtime/Export/Debug.bindings.h Line: 45)
1785440464.202 10073  4360  4490 I kki.shadowfigh: The ClassLoaderContext is a special shared library.
1785440464.205 10073  4360  4490 I kki.shadowfigh: The ClassLoaderContext is a special shared library.
1785440464.210 10073  4360  4490 I firebase: Firebase Cloud Messaging API Initialized
1785440464.217 10073  4360  4494 E FirebaseInstanceId: Failed to get FIS auth token
1785440464.217 10073  4360  4494 E FirebaseInstanceId: java.util.concurrent.ExecutionException: com.google.firebase.installations.FirebaseInstallationsException: Firebase Installations Service is unavailable. Please try again later.
1785440464.217 10073  4360  4494 E FirebaseInstanceId: 	at com.google.android.gms.tasks.Tasks.zza(com.google.android.gms:play-services-tasks@@17.2.1:5)
1785440464.217 10073  4360  4494 E FirebaseInstanceId: 	at com.google.android.gms.tasks.Tasks.await(com.google.android.gms:play-services-tasks@@17.2.1:8)
1785440464.217 10073  4360  4494 E FirebaseInstanceId: 	at com.google.firebase.iid.GmsRpc.setDefaultAttributesToBundle(com.google.firebase:firebase-iid@@21.1.0:11)
1785440464.217 10073  4360  4494 E FirebaseInstanceId: 	at com.google.firebase.iid.GmsRpc.startRpc(com.google.firebase:firebase-iid@@21.1.0:1)
1785440464.217 10073  4360  4494 E FirebaseInstanceId: 	at com.google.firebase.iid.GmsRpc.getToken(com.google.firebase:firebase-iid@@21.1.0:1)
1785440464.217 10073  4360  4494 E FirebaseInstanceId: 	at com.google.firebase.iid.FirebaseInstanceId.lambda$getInstanceId$2$FirebaseInstanceId(com.google.firebase:firebase-iid@@21.1.0:1)
1785440464.217 10073  4360  4494 E FirebaseInstanceId: 	at com.google.firebase.iid.FirebaseInstanceId$$Lambda$3.start(Unknown Source:10)
1785440464.217 10073  4360  4494 E FirebaseInstanceId: 	at com.google.firebase.iid.RequestDeduplicator.getOrStartGetTokenRequest(com.google.firebase:firebase-iid@@21.1.0:7)
1785440464.217 10073  4360  4494 E FirebaseInstanceId: 	at com.google.firebase.iid.FirebaseInstanceId.lambda$getInstanceId$3$FirebaseInstanceId(com.google.firebase:firebase-iid@@21.1.0:5)
1785440464.217 10073  4360  4494 E FirebaseInstanceId: 	at com.google.firebase.iid.FirebaseInstanceId$$Lambda$0.then(Unknown Source:6)
1785440464.217 10073  4360  4494 E FirebaseInstanceId: 	at com.google.android.gms.tasks.zze.run(com.google.android.gms:play-services-tasks@@17.2.1:1)
1785440464.217 10073  4360  4494 E FirebaseInstanceId: 	at java.util.concurrent.ThreadPoolExecutor.runWorker(ThreadPoolExecutor.java:1167)
1785440464.217 10073  4360  4494 E FirebaseInstanceId: 	at java.util.concurrent.ThreadPoolExecutor$Worker.run(ThreadPoolExecutor.java:641)
1785440464.217 10073  4360  4494 E FirebaseInstanceId: 	at com.google.android.gms.common.util.concurrent.zza.run(com.google.android.gms:play-services-basement@@17.6.0:2)
1785440464.217 10073  4360  4494 E FirebaseInstanceId: 	at java.lang.Thread.run(Thread.java:764)
1785440464.217 10073  4360  4494 E FirebaseInstanceId: Caused by: com.google.firebase.installations.FirebaseInstallationsException: Firebase Installations Service is unavailable. Please try again later.
1785440464.217 10073  4360  4494 E FirebaseInstanceId: 	at com.google.firebase.installations.remote.FirebaseInstallationServiceClient.createFirebaseInstallation(FirebaseInstallationServiceClient.java:213)
1785440464.217 10073  4360  4494 E FirebaseInstanceId: 	at com.google.firebase.installations.FirebaseInstallations.registerFidWithServer(FirebaseInstallations.java:533)
1785440464.217 10073  4360  4494 E FirebaseInstanceId: 	at com.google.firebase.installations.FirebaseInstallations.doNetworkCallIfNecessary(FirebaseInstallations.java:388)
1785440464.217 10073  4360  4494 E FirebaseInstanceId: 	at com.google.firebase.installations.FirebaseInstallations.lambda$doRegistrationOrRefresh$2$FirebaseInstallations(FirebaseInstallations.java:377)
1785440464.217 10073  4360  4494 E FirebaseInstanceId: 	at com.google.firebase.installations.-$$Lambda$FirebaseInstallations$SC1awUtshakVcZWKWh8TCfIkd4g.run(Unknown Source:4)
1785440464.217 10073  4360  4494 E FirebaseInstanceId: 	at java.util.concurrent.ThreadPoolExecutor.runWorker(ThreadPoolExecutor.java:1167)
1785440464.217 10073  4360  4494 E FirebaseInstanceId: 	at java.util.concurrent.ThreadPoolExecutor$Worker.run(ThreadPoolExecutor.java:641)
1785440464.217 10073  4360  4494 E FirebaseInstanceId: 	... 1 more
1785440464.218 10073  4360  4438 I Unity   : GameSettings::LoadVersion: set version from Application.version=2.19.0.0
1785440464.218 10073  4360  4438 I Unity   : UnityEngine.Logger:Log(LogType, Object)
1785440464.218 10073  4360  4438 I Unity   : OPNMEFIOEKD:JKCIKLOPNMN()
1785440464.218 10073  4360  4438 I Unity   : EOODDEEKOEG:IHGDHDAKPFP()
1785440464.218 10073  4360  4438 I Unity   : FPJKHPDKOAL:GIAAABOALAG()
1785440464.218 10073  4360  4438 I Unity   : LOFNDGFJIAE:MMAEPOLKNFO(LOFNDGFJIAE)
1785440464.218 10073  4360  4438 I Unity   : Nekki.SF2.GUI.Scenes.GameLoaderScene:Update()
1785440464.218 10073  4360  4438 I Unity   : (Filename: ./Runtime/Export/Debug.bindings.h Line: 45)
1785440464.233 10073  4360  4438 I Unity   : GameSettings::LoadVersion:  (from users.xml) userVersion=2.19.0    (from users.xml) userDataVersion=2.19.0.0
1785440464.233 10073  4360  4438 I Unity   : UnityEngine.Logger:Log(LogType, Object)
1785440464.233 10073  4360  4438 I Unity   : OPNMEFIOEKD:JKCIKLOPNMN()
1785440464.233 10073  4360  4438 I Unity   : EOODDEEKOEG:IHGDHDAKPFP()
1785440464.233 10073  4360  4438 I Unity   : FPJKHPDKOAL:GIAAABOALAG()
1785440464.233 10073  4360  4438 I Unity   : LOFNDGFJIAE:MMAEPOLKNFO(LOFNDGFJIAE)
1785440464.233 10073  4360  4438 I Unity   : Nekki.SF2.GUI.Scenes.GameLoaderScene:Update()
1785440464.233 10073  4360  4438 I Unity   : (Filename: ./Runtime/Export/Debug.bindings.h Line: 45)
1785440464.235 10073  4360  4438 I Unity   : GameSettings::LoadVersion: comparing  version=2.19.0.0    and  versionUser=2.19.0.0
1785440464.235 10073  4360  4438 I Unity   : UnityEngine.Logger:Log(LogType, Object)
1785440464.235 10073  4360  4438 I Unity   : OPNMEFIOEKD:JKCIKLOPNMN()
1785440464.235 10073  4360  4438 I Unity   : EOODDEEKOEG:IHGDHDAKPFP()
1785440464.235 10073  4360  4438 I Unity   : FPJKHPDKOAL:GIAAABOALAG()
1785440464.235 10073  4360  4438 I Unity   : LOFNDGFJIAE:MMAEPOLKNFO(LOFNDGFJIAE)
1785440464.235 10073  4360  4438 I Unity   : Nekki.SF2.GUI.Scenes.GameLoaderScene:Update()
1785440464.235 10073  4360  4438 I Unity   : (Filename: ./Runtime/Export/Debug.bindings.h Line: 45)
1785440464.237 10073  4360  4438 I Unity   : SystemProperties::SetAppVersion:  version=2.19.0.0  dataVersion=2.19.0.0
1785440464.237 10073  4360  4438 I Unity   : UnityEngine.Logger:Log(LogType, Object)
1785440464.237 10073  4360  4438 I Unity   : OPNMEFIOEKD:JKCIKLOPNMN()
1785440464.237 10073  4360  4438 I Unity   : EOODDEEKOEG:IHGDHDAKPFP()
1785440464.237 10073  4360  4438 I Unity   : FPJKHPDKOAL:GIAAABOALAG()
1785440464.237 10073  4360  4438 I Unity   : LOFNDGFJIAE:MMAEPOLKNFO(LOFNDGFJIAE)
1785440464.237 10073  4360  4438 I Unity   : Nekki.SF2.GUI.Scenes.GameLoaderScene:Update()
1785440464.237 10073  4360  4438 I Unity   : (Filename: ./Runtime/Export/Debug.bindings.h Line: 45)
1785440464.239 10073  4360  4438 I Unity   : Application.identifier=com.nekki.shadowfight
1785440464.239 10073  4360  4438 I Unity   : UnityEngine.Logger:Log(LogType, Object)
1785440464.239 10073  4360  4438 I Unity   : Nekki.SF2.Core.ApplicationController:Log(String)
1785440464.239 10073  4360  4438 I Unity   : Nekki.SF2.Core.ApplicationController:LogBuildStats()
1785440464.239 10073  4360  4438 I Unity   : FPJKHPDKOAL:GIAAABOALAG()
1785440464.239 10073  4360  4438 I Unity   : LOFNDGFJIAE:MMAEPOLKNFO(LOFNDGFJIAE)
1785440464.239 10073  4360  4438 I Unity   : Nekki.SF2.GUI.Scenes.GameLoaderScene:Update()
1785440464.239 10073  4360  4438 I Unity   : (Filename: ./Runtime/Export/Debug.bindings.h Line: 45)
1785440464.241 10073  4360  4438 I Unity   : Application.installMode=DeveloperBuild
1785440464.241 10073  4360  4438 I Unity   : UnityEngine.Logger:Log(LogType, Object)
1785440464.241 10073  4360  4438 I Unity   : Nekki.SF2.Core.ApplicationController:Log(String)
1785440464.241 10073  4360  4438 I Unity   : Nekki.SF2.Core.ApplicationController:LogBuildStats()
1785440464.241 10073  4360  4438 I Unity   : FPJKHPDKOAL:GIAAABOALAG()
1785440464.241 10073  4360  4438 I Unity   : LOFNDGFJIAE:MMAEPOLKNFO(LOFNDGFJIAE)
1785440464.241 10073  4360  4438 I Unity   : Nekki.SF2.GUI.Scenes.GameLoaderScene:Update()
1785440464.241 10073  4360  4438 I Unity   : (Filename: ./Runtime/Export/Debug.bindings.h Line: 45)
1785440464.246 10073  4360  4438 I Unity   : Application.installerName=
1785440464.246 10073  4360  4438 I Unity   : UnityEngine.Logger:Log(LogType, Object)
1785440464.246 10073  4360  4438 I Unity   : Nekki.SF2.Core.ApplicationController:Log(String)
1785440464.246 10073  4360  4438 I Unity   : Nekki.SF2.Core.ApplicationController:LogBuildStats()
1785440464.246 10073  4360  4438 I Unity   : FPJKHPDKOAL:GIAAABOALAG()
1785440464.246 10073  4360  4438 I Unity   : LOFNDGFJIAE:MMAEPOLKNFO(LOFNDGFJIAE)
1785440464.246 10073  4360  4438 I Unity   : Nekki.SF2.GUI.Scenes.GameLoaderScene:Update()
1785440464.246 10073  4360  4438 I Unity   : (Filename: ./Runtime/Export/Debug.bindings.h Line: 45)
1785440464.249 10073  4360  4438 I Unity   : SystemProperties.Version=2.19.0.0
1785440464.249 10073  4360  4438 I Unity   : UnityEngine.Logger:Log(LogType, Object)
1785440464.249 10073  4360  4438 I Unity   : Nekki.SF2.Core.ApplicationController:Log(String)
1785440464.249 10073  4360  4438 I Unity   : Nekki.SF2.Core.ApplicationController:LogBuildStats()
1785440464.249 10073  4360  4438 I Unity   : FPJKHPDKOAL:GIAAABOALAG()
1785440464.249 10073  4360  4438 I Unity   : LOFNDGFJIAE:MMAEPOLKNFO(LOFNDGFJIAE)
1785440464.249 10073  4360  4438 I Unity   : Nekki.SF2.GUI.Scenes.GameLoaderScene:Update()
1785440464.249 10073  4360  4438 I Unity   : (Filename: ./Runtime/Export/Debug.bindings.h Line: 45)
1785440464.252 10073  4360  4438 I Unity   : SystemProperties.DataVersion=2.19.0.0
1785440464.252 10073  4360  4438 I Unity   : UnityEngine.Logger:Log(LogType, Object)
1785440464.252 10073  4360  4438 I Unity   : Nekki.SF2.Core.ApplicationController:Log(String)
1785440464.252 10073  4360  4438 I Unity   : Nekki.SF2.Core.ApplicationController:LogBuildStats()
1785440464.252 10073  4360  4438 I Unity   : FPJKHPDKOAL:GIAAABOALAG()
1785440464.252 10073  4360  4438 I Unity   : LOFNDGFJIAE:MMAEPOLKNFO(LOFNDGFJIAE)
1785440464.252 10073  4360  4438 I Unity   : Nekki.SF2.GUI.Scenes.GameLoaderScene:Update()
1785440464.252 10073  4360  4438 I Unity   : (Filename: ./Runtime/Export/Debug.bindings.h Line: 45)
1785440464.254 10073  4360  4438 I Unity   : SystemProperties.CurrentPlatformType=F2P
1785440464.254 10073  4360  4438 I Unity   : UnityEngine.Logger:Log(LogType, Object)
1785440464.254 10073  4360  4438 I Unity   : Nekki.SF2.Core.ApplicationController:Log(String)
1785440464.254 10073  4360  4438 I Unity   : Nekki.SF2.Core.ApplicationController:LogBuildStats()
1785440464.254 10073  4360  4438 I Unity   : FPJKHPDKOAL:GIAAABOALAG()
1785440464.254 10073  4360  4438 I Unity   : LOFNDGFJIAE:MMAEPOLKNFO(LOFNDGFJIAE)
1785440464.254 10073  4360  4438 I Unity   : Nekki.SF2.GUI.Scenes.GameLoaderScene:Update()
1785440464.254 10073  4360  4438 I Unity   : (Filename: ./Runtime/Export/Debug.bindings.h Line: 45)
1785440464.256 10073  4360  4438 I Unity   : SystemProperties.AndroidAPILevel=28
1785440464.256 10073  4360  4438 I Unity   : UnityEngine.Logger:Log(LogType, Object)
1785440464.256 10073  4360  4438 I Unity   : Nekki.SF2.Core.ApplicationController:Log(String)
1785440464.256 10073  4360  4438 I Unity   : Nekki.SF2.Core.ApplicationController:LogBuildStats()
1785440464.256 10073  4360  4438 I Unity   : FPJKHPDKOAL:GIAAABOALAG()
1785440464.256 10073  4360  4438 I Unity   : LOFNDGFJIAE:MMAEPOLKNFO(LOFNDGFJIAE)
1785440464.256 10073  4360  4438 I Unity   : Nekki.SF2.GUI.Scenes.GameLoaderScene:Update()
1785440464.256 10073  4360  4438 I Unity   : (Filename: ./Runtime/Export/Debug.bindings.h Line: 45)
1785440464.258 10073  4360  4438 I Unity   : SystemProperties.DeviceUID=and_822b318de0b4d30c
1785440464.258 10073  4360  4438 I Unity   : UnityEngine.Logger:Log(LogType, Object)
1785440464.258 10073  4360  4438 I Unity   : Nekki.SF2.Core.ApplicationController:Log(String)
1785440464.258 10073  4360  4438 I Unity   : Nekki.SF2.Core.ApplicationController:LogBuildStats()
1785440464.258 10073  4360  4438 I Unity   : FPJKHPDKOAL:GIAAABOALAG()
1785440464.258 10073  4360  4438 I Unity   : LOFNDGFJIAE:MMAEPOLKNFO(LOFNDGFJIAE)
1785440464.258 10073  4360  4438 I Unity   : Nekki.SF2.GUI.Scenes.GameLoaderScene:Update()
1785440464.258 10073  4360  4438 I Unity   : (Filename: ./Runtime/Export/Debug.bindings.h Line: 45)
1785440464.260 10073  4360  4438 I Unity   : SystemProperties.DeviceOldUID=and_18de0b4d30c822b3
1785440464.260 10073  4360  4438 I Unity   : UnityEngine.Logger:Log(LogType, Object)
1785440464.260 10073  4360  4438 I Unity   : Nekki.SF2.Core.ApplicationController:Log(String)
1785440464.260 10073  4360  4438 I Unity   : Nekki.SF2.Core.ApplicationController:LogBuildStats()
1785440464.260 10073  4360  4438 I Unity   : FPJKHPDKOAL:GIAAABOALAG()
1785440464.260 10073  4360  4438 I Unity   : LOFNDGFJIAE:MMAEPOLKNFO(LOFNDGFJIAE)
1785440464.260 10073  4360  4438 I Unity   : Nekki.SF2.GUI.Scenes.GameLoaderScene:Update()
1785440464.260 10073  4360  4438 I Unity   : (Filename: ./Runtime/Export/Debug.bindings.h Line: 45)
1785440464.261 10073  4360  4438 I Unity   : Debug.isDebugBuild=False
1785440464.261 10073  4360  4438 I Unity   : UnityEngine.Logger:Log(LogType, Object)
1785440464.261 10073  4360  4438 I Unity   : Nekki.SF2.Core.ApplicationController:Log(String)
1785440464.261 10073  4360  4438 I Unity   : Nekki.SF2.Core.ApplicationController:LogBuildStats()
1785440464.261 10073  4360  4438 I Unity   : FPJKHPDKOAL:GIAAABOALAG()
1785440464.261 10073  4360  4438 I Unity   : LOFNDGFJIAE:MMAEPOLKNFO(LOFNDGFJIAE)
1785440464.261 10073  4360  4438 I Unity   : Nekki.SF2.GUI.Scenes.GameLoaderScene:Update()
1785440464.261 10073  4360  4438 I Unity   : (Filename: ./Runtime/Export/Debug.bindings.h Line: 45)
1785440464.264 10073  4360  4438 I Unity   : Firebase Cloud Messaging API Initialized
1785440464.264 10073  4360  4438 I Unity   : UnityEngine.Logger:Log(LogType, Object)
1785440464.264 10073  4360  4438 I Unity   : (Filename: ./Runtime/Export/Debug.bindings.h Line: 45)
1785440464.269 10073  4360  4438 I Unity   : [RemoteNotificationProvider_Firebase] result of dependencies check 'Available'
1785440464.269 10073  4360  4438 I Unity   : UnityEngine.Logger:LogFormat(LogType, String, Object[])
1785440464.269 10073  4360  4438 I Unity   : UnityEngine.Debug:LogFormat(String, Object[])
1785440464.269 10073  4360  4438 I Unity   : HCOEHACDIBL:LHDIFAIADFJ(Task`1)
1785440464.269 10073  4360  4438 I Unity   : Firebase.Extensions.<ContinueWithOnMainThread>c__AnonStorey9:<>m__0()
1785440464.269 10073  4360  4438 I Unity   : Firebase.<RunAsync>c__AnonStorey1`1:<>m__0()
1785440464.269 10073  4360  4438 I Unity   : Firebase.ExceptionAggregator:Wrap(Action)
1785440464.269 10073  4360  4438 I Unity   : Firebase.Dispatcher:PollJobs()
1785440464.269 10073  4360  4438 I Unity   : Firebase.Platform.FirebaseHandler:Update()
1785440464.269 10073  4360  4438 I Unity   : (Filename: ./Runtime/Export/Debug.bindings.h Line: 45)
1785440464.271 10073  4360  4438 I Unity   : [RemoteNotificationProvider_Firebase] CheckAndFixDependencies completed.
1785440464.271 10073  4360  4438 I Unity   : UnityEngine.Logger:LogFormat(LogType, String, Object[])
1785440464.271 10073  4360  4438 I Unity   : UnityEngine.Debug:LogFormat(String, Object[])
1785440464.271 10073  4360  4438 I Unity   : HCOEHACDIBL:LHDIFAIADFJ(Task`1)
1785440464.271 10073  4360  4438 I Unity   : Firebase.Extensions.<ContinueWithOnMainThread>c__AnonStorey9:<>m__0()
1785440464.271 10073  4360  4438 I Unity   : Firebase.<RunAsync>c__AnonStorey1`1:<>m__0()
1785440464.271 10073  4360  4438 I Unity   : Firebase.ExceptionAggregator:Wrap(Action)
1785440464.271 10073  4360  4438 I Unity   : Firebase.Dispatcher:PollJobs()
1785440464.271 10073  4360  4438 I Unity   : Firebase.Platform.FirebaseHandler:Update()
1785440464.271 10073  4360  4438 I Unity   : (Filename: ./Runtime/Export/Debug.bindings.h Line: 45)
1785440464.274 10073  4360  4438 I kki.shadowfigh: The ClassLoaderContext is a special shared library.
1785440464.275 10073  4360  4438 I kki.shadowfigh: The ClassLoaderContext is a special shared library.
1785440464.279 10073  4360  4438 I firebase: Firebase Cloud Messaging API Initialized
1785440464.280 10073  4360  4438 I Unity   : Firebase Cloud Messaging API Initialized
1785440464.280 10073  4360  4438 I Unity   : UnityEngine.Logger:Log(LogType, Object)
1785440464.280 10073  4360  4438 I Unity   : (Filename: ./Runtime/Export/Debug.bindings.h Line: 45)
1785440464.284 10073  4360  4438 D libcrashlytics: Initializing libcrashlytics version 3.1.0
1785440464.285 10073  4360  4494 E FirebaseInstanceId: Failed to get FIS auth token
1785440464.285 10073  4360  4494 E FirebaseInstanceId: java.util.concurrent.ExecutionException: com.google.firebase.installations.FirebaseInstallationsException: Firebase Installations Service is unavailable. Please try again later.
1785440464.285 10073  4360  4494 E FirebaseInstanceId: 	at com.google.android.gms.tasks.Tasks.zza(com.google.android.gms:play-services-tasks@@17.2.1:5)
1785440464.285 10073  4360  4494 E FirebaseInstanceId: 	at com.google.android.gms.tasks.Tasks.await(com.google.android.gms:play-services-tasks@@17.2.1:8)
1785440464.285 10073  4360  4494 E FirebaseInstanceId: 	at com.google.firebase.iid.GmsRpc.setDefaultAttributesToBundle(com.google.firebase:firebase-iid@@21.1.0:11)
1785440464.285 10073  4360  4494 E FirebaseInstanceId: 	at com.google.firebase.iid.GmsRpc.startRpc(com.google.firebase:firebase-iid@@21.1.0:1)
1785440464.285 10073  4360  4494 E FirebaseInstanceId: 	at com.google.firebase.iid.GmsRpc.getToken(com.google.firebase:firebase-iid@@21.1.0:1)
1785440464.285 10073  4360  4494 E FirebaseInstanceId: 	at com.google.firebase.iid.FirebaseInstanceId.lambda$getInstanceId$2$FirebaseInstanceId(com.google.firebase:firebase-iid@@21.1.0:1)
1785440464.285 10073  4360  4494 E FirebaseInstanceId: 	at com.google.firebase.iid.FirebaseInstanceId$$Lambda$3.start(Unknown Source:10)
1785440464.285 10073  4360  4494 E FirebaseInstanceId: 	at com.google.firebase.iid.RequestDeduplicator.getOrStartGetTokenRequest(com.google.firebase:firebase-iid@@21.1.0:7)
1785440464.285 10073  4360  4494 E FirebaseInstanceId: 	at com.google.firebase.iid.FirebaseInstanceId.lambda$getInstanceId$3$FirebaseInstanceId(com.google.firebase:firebase-iid@@21.1.0:5)
1785440464.285 10073  4360  4494 E FirebaseInstanceId: 	at com.google.firebase.iid.FirebaseInstanceId$$Lambda$0.then(Unknown Source:6)
1785440464.285 10073  4360  4494 E FirebaseInstanceId: 	at com.google.android.gms.tasks.zze.run(com.google.android.gms:play-services-tasks@@17.2.1:1)
1785440464.285 10073  4360  4494 E FirebaseInstanceId: 	at java.util.concurrent.ThreadPoolExecutor.runWorker(ThreadPoolExecutor.java:1167)
1785440464.285 10073  4360  4494 E FirebaseInstanceId: 	at java.util.concurrent.ThreadPoolExecutor$Worker.run(ThreadPoolExecutor.java:641)
1785440464.285 10073  4360  4494 E FirebaseInstanceId: 	at com.google.android.gms.common.util.concurrent.zza.run(com.google.android.gms:play-services-basement@@17.6.0:2)
1785440464.285 10073  4360  4494 E FirebaseInstanceId: 	at java.lang.Thread.run(Thread.java:764)
1785440464.285 10073  4360  4494 E FirebaseInstanceId: Caused by: com.google.firebase.installations.FirebaseInstallationsException: Firebase Installations Service is unavailable. Please try again later.
1785440464.285 10073  4360  4494 E FirebaseInstanceId: 	at com.google.firebase.installations.remote.FirebaseInstallationServiceClient.createFirebaseInstallation(FirebaseInstallationServiceClient.java:213)
1785440464.285 10073  4360  4494 E FirebaseInstanceId: 	at com.google.firebase.installations.FirebaseInstallations.registerFidWithServer(FirebaseInstallations.java:533)
1785440464.285 10073  4360  4494 E FirebaseInstanceId: 	at com.google.firebase.installations.FirebaseInstallations.doNetworkCallIfNecessary(FirebaseInstallations.java:388)
1785440464.285 10073  4360  4494 E FirebaseInstanceId: 	at com.google.firebase.installations.FirebaseInstallations.lambda$doRegistrationOrRefresh$2$FirebaseInstallations(FirebaseInstallations.java:377)
1785440464.285 10073  4360  4494 E FirebaseInstanceId: 	at com.google.firebase.installations.-$$Lambda$FirebaseInstallations$SC1awUtshakVcZWKWh8TCfIkd4g.run(Unknown Source:4)
1785440464.285 10073  4360  4494 E FirebaseInstanceId: 	at java.util.concurrent.ThreadPoolExecutor.runWorker(ThreadPoolExecutor.java:1167)
1785440464.285 10073  4360  4494 E FirebaseInstanceId: 	at java.util.concurrent.ThreadPoolExecutor$Worker.run(ThreadPoolExecutor.java:641)
1785440464.285 10073  4360  4494 E FirebaseInstanceId: 	... 1 more
1785440464.285 10073  4360  4438 D libcrashlytics: Initializing native crash handling successful.
1785440464.306 10073  4360  4438 I Unity   : [RemoteNotificationProvider_Firebase] RequestPermission completed.
1785440464.306 10073  4360  4438 I Unity   : UnityEngine.Logger:LogFormat(LogType, String, Object[])
1785440464.306 10073  4360  4438 I Unity   : UnityEngine.Debug:LogFormat(String, Object[])
1785440464.306 10073  4360  4438 I Unity   : HCOEHACDIBL:BJFLFKMGMHM(Task)
1785440464.306 10073  4360  4438 I Unity   : Firebase.Extensions.<ContinueWithOnMainThread>c__AnonStorey1:<>m__0()
1785440464.306 10073  4360  4438 I Unity   : Firebase.<RunAsync>c__AnonStorey1`1:<>m__0()
1785440464.306 10073  4360  4438 I Unity   : Firebase.ExceptionAggregator:Wrap(Action)
1785440464.306 10073  4360  4438 I Unity   : Firebase.Dispatcher:PollJobs()
1785440464.306 10073  4360  4438 I Unity   : Firebase.Platform.FirebaseHandler:Update()
1785440464.306 10073  4360  4438 I Unity   : (Filename: ./Runtime/Export/Debug.bindings.h Line: 45)
1785440464.308 10073  4360  4438 I Unity   : [CrashlyticsProvider_Firebase] OnFirebaseInitCompleted - update data started.
1785440464.308 10073  4360  4438 I Unity   : UnityEngine.Logger:Log(LogType, Object)
1785440464.308 10073  4360  4438 I Unity   : INLEAPJNLLM:BGOBODPLFGB()
1785440464.308 10073  4360  4438 I Unity   : System.Action:Invoke()
1785440464.308 10073  4360  4438 I Unity   : System.Action:Invoke()
1785440464.308 10073  4360  4438 I Unity   : HCOEHACDIBL:BJFLFKMGMHM(Task)
1785440464.308 10073  4360  4438 I Unity   : Firebase.Extensions.<ContinueWithOnMainThread>c__AnonStorey1:<>m__0()
1785440464.308 10073  4360  4438 I Unity   : Firebase.<RunAsync>c__AnonStorey1`1:<>m__0()
1785440464.308 10073  4360  4438 I Unity   : Firebase.ExceptionAggregator:Wrap(Action)
1785440464.308 10073  4360  4438 I Unity   : Firebase.Dispatcher:PollJobs()
1785440464.308 10073  4360  4438 I Unity   : Firebase.Platform.FirebaseHandler:Update()
1785440464.308 10073  4360  4438 I Unity   : (Filename: ./Runtime/Export/Debug.bindings.h Line: 45)
1785440464.319 10073  4360  4506 I OMXClient: IOmx service obtained
1785440464.365 10073  4360  4510 I OMXClient: IOmx service obtained
1785440464.395 10073  4360  4536 I OMXClient: IOmx service obtained
1785440464.396 10073  4360  4535 D SurfaceUtils: connecting to surface 0xb0460008, reason connectToSurface
1785440464.396 10073  4360  4535 I MediaCodec: [OMX.google.h264.decoder] setting surface generation to 4464641
1785440464.396 10073  4360  4535 D SurfaceUtils: disconnecting from surface 0xb0460008, reason connectToSurface(reconnect)
1785440464.396 10073  4360  4535 D SurfaceUtils: connecting to surface 0xb0460008, reason connectToSurface(reconnect)
1785440464.396 10073  4360  4536 E ACodec  : [OMX.google.h264.decoder] setPortMode on output to DynamicANWBuffer failed w/ err -1010
1785440464.403 10073  4360  4539 I OMXClient: IOmx service obtained
1785440464.423 10073  4360  4535 D MediaCodec: [OMX.google.h264.decoder] setting dataspace on output surface to #103
1785440464.433 10073  4360  4535 D vndksupport: Loading /vendor/lib/hw/android.hardware.graphics.allocator@2.0-impl.so from current namespace instead of sphal namespace.
1785440464.434 10073  4360  4535 D vndksupport: Loading /vendor/lib/hw/gralloc.default.so from current namespace instead of sphal namespace.
1785440464.434 10073  4360  4535 W MapperHal: buffer descriptor with invalid usage bits 0x2000
1785440464.434 10073  4360  4535 D gralloc_nox: gralloc_alloc: Creating ashmem region of size 577536
1785440464.436 10073  4360  4535 D SoftwareRenderer: setting dataspace on output surface to #8000103
1785440464.466 10073  4360  4438 D eglCodecCommon: checkFramebufferAttachmentCompleteness: tex not color renderable. format: 0xffffffff type 0x676e4579 maj min 3 2 floatext 1 hfloatext 1
1785440464.466 10073  4360  4438 D eglCodecCommon: checkFramebufferCompleteness: color attachment 0 not complete: 0x8cd6
1785440464.467 10073  4360  4438 D eglCodecCommon: checkFramebufferAttachmentCompleteness: tex not color renderable. format: 0xffffffff type 0x676e4579 maj min 3 2 floatext 1 hfloatext 1
1785440464.467 10073  4360  4438 D eglCodecCommon: checkFramebufferCompleteness: color attachment 0 not complete: 0x8cd6
1785440464.473 10073  4360  4535 W MapperHal: buffer descriptor with invalid usage bits 0x2000
1785440464.473 10073  4360  4535 D gralloc_nox: gralloc_alloc: Creating ashmem region of size 577536
1785440464.706 10073  4360  4453 E Unity   : UnityWebRequest: errorCallback with error=java.net.UnknownHostException: Unable to resolve host "cdp.cloud.unity3d.com": No address associated with hostname url=https://cdp.cloud.unity3d.com/v1/events
1785440464.706 10073  4360  4453 E Unity   : java.net.UnknownHostException: Unable to resolve host "cdp.cloud.unity3d.com": No address associated with hostname
1785440464.706 10073  4360  4453 E Unity   : (Filename:  Line: 474)
1785440464.954 10073  4360  4438 I Unity   : VideoPlayerCtrl::OnPlayCompleted
1785440464.954 10073  4360  4438 I Unity   : UnityEngine.Logger:Log(LogType, Object)
1785440464.954 10073  4360  4438 I Unity   : (Filename: ./Runtime/Export/Debug.bindings.h Line: 45)
1785440464.969 10073  4360  4535 D SurfaceUtils: disconnecting from surface 0xb0460008, reason disconnectFromSurface
1785440465.443 10073  4360  4438 E Unity   : Error open xml: /storage/emulated/0/Android/data/com.nekki.shadowfight/files/gamedata/packs.xml
1785440465.443 10073  4360  4438 E Unity   : UnityEngine.Logger:Log(LogType, Object)
1785440465.443 10073  4360  4438 E Unity   : PCMIKCPDDKM:KKLCPJKNFLL(String, String, FPKAKMNOFCH, Boolean, Boolean, Boolean, Boolean)
1785440465.443 10073  4360  4438 E Unity   : PCMIKCPDDKM:MCGMLGHIFNI(String, String, FPKAKMNOFCH, Boolean)
1785440465.443 10073  4360  4438 E Unity   : ICHPHEHDEBC:PICLJIKLLNN()
1785440465.443 10073  4360  4438 E Unity   : ABKCJCFLHHG:GIAAABOALAG()
1785440465.443 10073  4360  4438 E Unity   : LOFNDGFJIAE:MMAEPOLKNFO(LOFNDGFJIAE)
1785440465.443 10073  4360  4438 E Unity   : Nekki.SF2.GUI.Scenes.GameLoaderScene:Update()
1785440465.443 10073  4360  4438 E Unity   : (Filename: ./Runtime/Export/Debug.bindings.h Line: 45)
1785440466.180 10073  4360  4438 I Unity   : loadGame - loading tactics
1785440466.180 10073  4360  4438 I Unity   : UnityEngine.Logger:Log(LogType, Object)
1785440466.180 10073  4360  4438 I Unity   : FFDPHGPOJEF:FJNJAIJAFJM()
1785440466.180 10073  4360  4438 I Unity   : ABKCJCFLHHG:GIAAABOALAG()
1785440466.180 10073  4360  4438 I Unity   : LOFNDGFJIAE:MMAEPOLKNFO(LOFNDGFJIAE)
1785440466.180 10073  4360  4438 I Unity   : Nekki.SF2.GUI.Scenes.GameLoaderScene:Update()
1785440466.180 10073  4360  4438 I Unity   : (Filename: ./Runtime/Export/Debug.bindings.h Line: 45)
1785440466.552 10073  4360  4429 E libEGL  : called unimplemented OpenGL ES API
1785440466.653 10073  4360  4438 I Unity   : LocalSettings::Init
1785440466.653 10073  4360  4438 I Unity   : UnityEngine.Logger:Log(LogType, Object)
1785440466.653 10073  4360  4438 I Unity   : NGPAHFHLEAB:OIPLBKIDCFM()
1785440466.653 10073  4360  4438 I Unity   : NGPAHFHLEAB:MENOGBFFEGH()
1785440466.653 10073  4360  4438 I Unity   : EDHPPDMGHAN:.ctor()
1785440466.653 10073  4360  4438 I Unity   : DMKOCILFCIP:OIPLBKIDCFM()
1785440466.653 10073  4360  4438 I Unity   : DMKOCILFCIP:NMJEJKCBAAB()
1785440466.653 10073  4360  4438 I Unity   : EFDNDGHKMJI:.ctor(XmlNode, HBCIFDILJCE)
1785440466.653 10073  4360  4438 I Unity   : BPODGBGPPBE:PLFCPJNOEBD(XmlNode)
1785440466.653 10073  4360  4438 I Unity   : BPODGBGPPBE:OFIJCJENLDO(XmlNode)
1785440466.653 10073  4360  4438 I Unity   : BPODGBGPPBE:MPCFHJBMEKB()
1785440466.653 10073  4360  4438 I Unity   : BPODGBGPPBE:BNFDBCAJFNF()
1785440466.653 10073  4360  4438 I Unity   : ABKCJCFLHHG:GIAAABOALAG()
1785440466.653 10073  4360  4438 I Unity   : LOFNDGFJIAE:MMAEPOLKNFO(LOFNDGFJIAE)
1785440466.653 10073  4360  4438 I Unity   : Nekki.SF2.GUI.Scenes.GameLoaderScene:Update()
1785440466.653 10073  4360  4438 I Unity   : (Filename: ./Runtime/Export/Debug.bindings.h Line: 45)
1785440466.655 10073  4360  4438 I Unity   : LocalSettings::Init fileExists: True
1785440466.655 10073  4360  4438 I Unity   : UnityEngine.Logger:Log(LogType, Object)
1785440466.655 10073  4360  4438 I Unity   : NGPAHFHLEAB:OIPLBKIDCFM()
1785440466.655 10073  4360  4438 I Unity   : NGPAHFHLEAB:MENOGBFFEGH()
1785440466.655 10073  4360  4438 I Unity   : EDHPPDMGHAN:.ctor()
1785440466.655 10073  4360  4438 I Unity   : DMKOCILFCIP:OIPLBKIDCFM()
1785440466.655 10073  4360  4438 I Unity   : DMKOCILFCIP:NMJEJKCBAAB()
1785440466.655 10073  4360  4438 I Unity   : EFDNDGHKMJI:.ctor(XmlNode, HBCIFDILJCE)
1785440466.655 10073  4360  4438 I Unity   : BPODGBGPPBE:PLFCPJNOEBD(XmlNode)
1785440466.655 10073  4360  4438 I Unity   : BPODGBGPPBE:OFIJCJENLDO(XmlNode)
1785440466.655 10073  4360  4438 I Unity   : BPODGBGPPBE:MPCFHJBMEKB()
1785440466.655 10073  4360  4438 I Unity   : BPODGBGPPBE:BNFDBCAJFNF()
1785440466.655 10073  4360  4438 I Unity   : ABKCJCFLHHG:GIAAABOALAG()
1785440466.655 10073  4360  4438 I Unity   : LOFNDGFJIAE:MMAEPOLKNFO(LOFNDGFJIAE)
1785440466.655 10073  4360  4438 I Unity   : Nekki.SF2.GUI.Scenes.GameLoaderScene:Update()
1785440466.655 10073  4360  4438 I Unity   : (Filename: ./Runtime/Export/Debug.bindings.h Line: 45)
1785440466.664 10073  4360  4438 I Unity   : ListSF::ParseRoster: _roster = ParsePlayer(_CurrentUserNode);
1785440466.664 10073  4360  4438 I Unity   : UnityEngine.Logger:Log(LogType, Object)
1785440466.664 10073  4360  4438 I Unity   : BPODGBGPPBE:OFIJCJENLDO(XmlNode)
1785440466.664 10073  4360  4438 I Unity   : BPODGBGPPBE:MPCFHJBMEKB()
1785440466.664 10073  4360  4438 I Unity   : BPODGBGPPBE:BNFDBCAJFNF()
1785440466.664 10073  4360  4438 I Unity   : ABKCJCFLHHG:GIAAABOALAG()
1785440466.664 10073  4360  4438 I Unity   : LOFNDGFJIAE:MMAEPOLKNFO(LOFNDGFJIAE)
1785440466.664 10073  4360  4438 I Unity   : Nekki.SF2.GUI.Scenes.GameLoaderScene:Update()
1785440466.664 10073  4360  4438 I Unity   : (Filename: ./Runtime/Export/Debug.bindings.h Line: 45)
1785440467.307 10073  4360  4455 E Unity   : UnityWebRequest: errorCallback with error=java.net.UnknownHostException: Unable to resolve host "cdp.cloud.unity3d.com": No address associated with hostname url=https://cdp.cloud.unity3d.com/v1/events
1785440467.307 10073  4360  4455 E Unity   : java.net.UnknownHostException: Unable to resolve host "cdp.cloud.unity3d.com": No address associated with hostname
1785440467.307 10073  4360  4455 E Unity   : (Filename:  Line: 474)
1785440467.584 10073  4360  4438 I Unity   : [LocalNotificationProvider_UTNotifications] CancelNotification: id='1'
1785440467.584 10073  4360  4438 I Unity   : UnityEngine.Logger:LogFormat(LogType, String, Object[])
1785440467.584 10073  4360  4438 I Unity   : UnityEngine.Debug:LogFormat(String, Object[])
1785440467.584 10073  4360  4438 I Unity   : ONDINIJKALM:FCLGGGKDEGI(Int32)
1785440467.584 10073  4360  4438 I Unity   : MJLGHCCNCPF:FNBJOCDCBKA()
1785440467.584 10073  4360  4438 I Unity   : ABKCJCFLHHG:GIAAABOALAG()
1785440467.584 10073  4360  4438 I Unity   : LOFNDGFJIAE:MMAEPOLKNFO(LOFNDGFJIAE)
1785440467.584 10073  4360  4438 I Unity   : Nekki.SF2.GUI.Scenes.GameLoaderScene:Update()
1785440467.584 10073  4360  4438 I Unity   : (Filename: ./Runtime/Export/Debug.bindings.h Line: 45)
1785440467.589 10073  4360  4438 I Unity   : [LocalNotificationProvider_UTNotifications] CreateNotification: id='1', title='Shadow Fight 2', message='Враги заждались тебя!', delaySeconds='172800', profile=''
1785440467.589 10073  4360  4438 I Unity   : UnityEngine.Logger:LogFormat(LogType, String, Object[])
1785440467.589 10073  4360  4438 I Unity   : UnityEngine.Debug:LogFormat(String, Object[])
1785440467.589 10073  4360  4438 I Unity   : ONDINIJKALM:FDLBJNLDMDN(Int32, String, String, Int64)
1785440467.589 10073  4360  4438 I Unity   : FHNLJNPMGKI:FDLBJNLDMDN(IHANLEEJAJA, String, String, Int32)
1785440467.589 10073  4360  4438 I Unity   : FHNLJNPMGKI:LINHMKFILPD(Int32)
1785440467.589 10073  4360  4438 I Unity   : ABKCJCFLHHG:GIAAABOALAG()
1785440467.589 10073  4360  4438 I Unity   : LOFNDGFJIAE:MMAEPOLKNFO(LOFNDGFJIAE)
1785440467.589 10073  4360  4438 I Unity   : Nekki.SF2.GUI.Scenes.GameLoaderScene:Update()
1785440467.589 10073  4360  4438 I Unity   : (Filename: ./Runtime/Export/Debug.bindings.h Line: 45)
1785440467.785 10073  4360  4438 I Unity   : [Quests] added to stack: SurvivalRestartInit
1785440467.785 10073  4360  4438 I Unity   : UnityEngine.Logger:Log(LogType, Object)
1785440467.785 10073  4360  4438 I Unity   : Nekki.SF2.Core.Quests.QuestsManager:ILDLDDBKLHD(NKMMLFBKOEL)
1785440467.785 10073  4360  4438 I Unity   : Nekki.SF2.Core.Quests.QuestsManager:AddQuestToStack(NKMMLFBKOEL, Boolean)
1785440467.785 10073  4360  4438 I Unity   : Nekki.SF2.Core.Quests.QuestsManager:ScheduleQuests(ILPMDHHPBNJ)
1785440467.785 10073  4360  4438 I Unity   : Nekki.SF2.Core.Quests.QuestsManager:ScheduleAndRunQuests(ILPMDHHPBNJ)
1785440467.785 10073  4360  4438 I Unity   : AIPOILGIDBC:GIAAABOALAG()
1785440467.785 10073  4360  4438 I Unity   : LOFNDGFJIAE:MMAEPOLKNFO(LOFNDGFJIAE)
1785440467.785 10073  4360  4438 I Unity   : Nekki.SF2.GUI.Scenes.GameLoaderScene:Update()
1785440467.785 10073  4360  4438 I Unity   : (Filename: ./Runtime/Export/Debug.bindings.h Line: 45)
1785440467.787 10073  4360  4438 I Unity   : [Quests] added to stack: AttachPacksAsianQuests
1785440467.787 10073  4360  4438 I Unity   : UnityEngine.Logger:Log(LogType, Object)
1785440467.787 10073  4360  4438 I Unity   : Nekki.SF2.Core.Quests.QuestsManager:ILDLDDBKLHD(NKMMLFBKOEL)
1785440467.787 10073  4360  4438 I Unity   : Nekki.SF2.Core.Quests.QuestsManager:AddQuestToStack(NKMMLFBKOEL, Boolean)
1785440467.787 10073  4360  4438 I Unity   : Nekki.SF2.Core.Quests.QuestsManager:ScheduleQuests(ILPMDHHPBNJ)
1785440467.787 10073  4360  4438 I Unity   : Nekki.SF2.Core.Quests.QuestsManager:ScheduleAndRunQuests(ILPMDHHPBNJ)
1785440467.787 10073  4360  4438 I Unity   : AIPOILGIDBC:GIAAABOALAG()
1785440467.787 10073  4360  4438 I Unity   : LOFNDGFJIAE:MMAEPOLKNFO(LOFNDGFJIAE)
1785440467.787 10073  4360  4438 I Unity   : Nekki.SF2.GUI.Scenes.GameLoaderScene:Update()
1785440467.787 10073  4360  4438 I Unity   : (Filename: ./Runtime/Export/Debug.bindings.h Line: 45)
1785440467.790 10073  4360  4438 I Unity   : [Quests] added to stack: AttachTutorialQuests
1785440467.790 10073  4360  4438 I Unity   : UnityEngine.Logger:Log(LogType, Object)
1785440467.790 10073  4360  4438 I Unity   : Nekki.SF2.Core.Quests.QuestsManager:ILDLDDBKLHD(NKMMLFBKOEL)
1785440467.790 10073  4360  4438 I Unity   : Nekki.SF2.Core.Quests.QuestsManager:AddQuestToStack(NKMMLFBKOEL, Boolean)
1785440467.790 10073  4360  4438 I Unity   : Nekki.SF2.Core.Quests.QuestsManager:ScheduleQuests(ILPMDHHPBNJ)
1785440467.790 10073  4360  4438 I Unity   : Nekki.SF2.Core.Quests.QuestsManager:ScheduleAndRunQuests(ILPMDHHPBNJ)
1785440467.790 10073  4360  4438 I Unity   : AIPOILGIDBC:GIAAABOALAG()
1785440467.790 10073  4360  4438 I Unity   : LOFNDGFJIAE:MMAEPOLKNFO(LOFNDGFJIAE)
1785440467.790 10073  4360  4438 I Unity   : Nekki.SF2.GUI.Scenes.GameLoaderScene:Update()
1785440467.790 10073  4360  4438 I Unity   : (Filename: ./Runtime/Export/Debug.bindings.h Line: 45)
1785440467.792 10073  4360  4438 I Unity   : [Quests] added to stack: VariablesReset
1785440467.792 10073  4360  4438 I Unity   : UnityEngine.Logger:Log(LogType, Object)
1785440467.792 10073  4360  4438 I Unity   : Nekki.SF2.Core.Quests.QuestsManager:ILDLDDBKLHD(NKMMLFBKOEL)
1785440467.792 10073  4360  4438 I Unity   : Nekki.SF2.Core.Quests.QuestsManager:AddQuestToStack(NKMMLFBKOEL, Boolean)
1785440467.792 10073  4360  4438 I Unity   : Nekki.SF2.Core.Quests.QuestsManager:ScheduleQuests(ILPMDHHPBNJ)
1785440467.792 10073  4360  4438 I Unity   : Nekki.SF2.Core.Quests.QuestsManager:ScheduleAndRunQuests(ILPMDHHPBNJ)
1785440467.792 10073  4360  4438 I Unity   : AIPOILGIDBC:GIAAABOALAG()
1785440467.792 10073  4360  4438 I Unity   : LOFNDGFJIAE:MMAEPOLKNFO(LOFNDGFJIAE)
1785440467.792 10073  4360  4438 I Unity   : Nekki.SF2.GUI.Scenes.GameLoaderScene:Update()
1785440467.792 10073  4360  4438 I Unity   : (Filename: ./Runtime/Export/Debug.bindings.h Line: 45)
1785440467.900 10073  4360  4438 I Unity   : [Quests] added to stack: promo_MapButtonRemover_FirstPayment
1785440467.900 10073  4360  4438 I Unity   : UnityEngine.Logger:Log(LogType, Object)
1785440467.900 10073  4360  4438 I Unity   : Nekki.SF2.Core.Quests.QuestsManager:ILDLDDBKLHD(NKMMLFBKOEL)
1785440467.900 10073  4360  4438 I Unity   : Nekki.SF2.Core.Quests.QuestsManager:AddQuestToStack(NKMMLFBKOEL, Boolean)
1785440467.900 10073  4360  4438 I Unity   : Nekki.SF2.Core.Quests.QuestsManager:ScheduleQuests(ILPMDHHPBNJ)
1785440467.900 10073  4360  4438 I Unity   : Nekki.SF2.Core.Quests.QuestsManager:ScheduleAndRunQuests(ILPMDHHPBNJ)
1785440467.900 10073  4360  4438 I Unity   : AIPOILGIDBC:GIAAABOALAG()
1785440467.900 10073  4360  4438 I Unity   : LOFNDGFJIAE:MMAEPOLKNFO(LOFNDGFJIAE)
1785440467.900 10073  4360  4438 I Unity   : Nekki.SF2.GUI.Scenes.GameLoaderScene:Update()
1785440467.900 10073  4360  4438 I Unity   : (Filename: ./Runtime/Export/Debug.bindings.h Line: 45)
1785440467.902 10073  4360  4438 I Unity   : [Quests] added to stack: promo_MapButtonRemover_RepeatPayment
1785440467.902 10073  4360  4438 I Unity   : UnityEngine.Logger:Log(LogType, Object)
1785440467.902 10073  4360  4438 I Unity   : Nekki.SF2.Core.Quests.QuestsManager:ILDLDDBKLHD(NKMMLFBKOEL)
1785440467.902 10073  4360  4438 I Unity   : Nekki.SF2.Core.Quests.QuestsManager:AddQuestToStack(NKMMLFBKOEL, Boolean)
1785440467.902 10073  4360  4438 I Unity   : Nekki.SF2.Core.Quests.QuestsManager:ScheduleQuests(ILPMDHHPBNJ)
1785440467.902 10073  4360  4438 I Unity   : Nekki.SF2.Core.Quests.QuestsManager:ScheduleAndRunQuests(ILPMDHHPBNJ)
1785440467.902 10073  4360  4438 I Unity   : AIPOILGIDBC:GIAAABOALAG()
1785440467.902 10073  4360  4438 I Unity   : LOFNDGFJIAE:MMAEPOLKNFO(LOFNDGFJIAE)
1785440467.902 10073  4360  4438 I Unity   : Nekki.SF2.GUI.Scenes.GameLoaderScene:Update()
1785440467.902 10073  4360  4438 I Unity   : (Filename: ./Runtime/Export/Debug.bindings.h Line: 45)
1785440467.904 10073  4360  4438 I Unity   : [Quests] added to stack: promo_MapButtonRemover_IncreasePayment
1785440467.904 10073  4360  4438 I Unity   : UnityEngine.Logger:Log(LogType, Object)
1785440467.904 10073  4360  4438 I Unity   : Nekki.SF2.Core.Quests.QuestsManager:ILDLDDBKLHD(NKMMLFBKOEL)
1785440467.904 10073  4360  4438 I Unity   : Nekki.SF2.Core.Quests.QuestsManager:AddQuestToStack(NKMMLFBKOEL, Boolean)
1785440467.904 10073  4360  4438 I Unity   : Nekki.SF2.Core.Quests.QuestsManager:ScheduleQuests(ILPMDHHPBNJ)
1785440467.904 10073  4360  4438 I Unity   : Nekki.SF2.Core.Quests.QuestsManager:ScheduleAndRunQuests(ILPMDHHPBNJ)
1785440467.904 10073  4360  4438 I Unity   : AIPOILGIDBC:GIAAABOALAG()
1785440467.904 10073  4360  4438 I Unity   : LOFNDGFJIAE:MMAEPOLKNFO(LOFNDGFJIAE)
1785440467.904 10073  4360  4438 I Unity   : Nekki.SF2.GUI.Scenes.GameLoaderScene:Update()
1785440467.904 10073  4360  4438 I Unity   : (Filename: ./Runtime/Export/Debug.bindings.h Line: 45)
1785440467.906 10073  4360  4438 I Unity   : [Quests] added to stack: promo_MapButtonRemover_StarterPack
1785440467.906 10073  4360  4438 I Unity   : UnityEngine.Logger:Log(LogType, Object)
1785440467.906 10073  4360  4438 I Unity   : Nekki.SF2.Core.Quests.QuestsManager:ILDLDDBKLHD(NKMMLFBKOEL)
1785440467.906 10073  4360  4438 I Unity   : Nekki.SF2.Core.Quests.QuestsManager:AddQuestToStack(NKMMLFBKOEL, Boolean)
1785440467.906 10073  4360  4438 I Unity   : Nekki.SF2.Core.Quests.QuestsManager:ScheduleQuests(ILPMDHHPBNJ)
1785440467.906 10073  4360  4438 I Unity   : Nekki.SF2.Core.Quests.QuestsManager:ScheduleAndRunQuests(ILPMDHHPBNJ)
1785440467.906 10073  4360  4438 I Unity   : AIPOILGIDBC:GIAAABOALAG()
1785440467.906 10073  4360  4438 I Unity   : LOFNDGFJIAE:MMAEPOLKNFO(LOFNDGFJIAE)
1785440467.906 10073  4360  4438 I Unity   : Nekki.SF2.GUI.Scenes.GameLoaderScene:Update()
1785440467.906 10073  4360  4438 I Unity   : (Filename: ./Runtime/Export/Debug.bindings.h Line: 45)
1785440467.912 10073  4360  4438 I Unity   : Quest promo_MapButtonRemover_FirstPayment started
1785440467.912 10073  4360  4438 I Unity   : UnityEngine.Logger:Log(LogType, Object)
1785440467.912 10073  4360  4438 I Unity   : NKMMLFBKOEL:JOJKAIJDNHL(HFEOJCDENDP, Boolean)
1785440467.912 10073  4360  4438 I Unity   : Nekki.SF2.Core.Quests.QuestsManager:BBFMMONCPJD()
1785440467.912 10073  4360  4438 I Unity   : Nekki.SF2.Core.Quests.QuestsManager:ScheduleAndRunQuests(ILPMDHHPBNJ)
1785440467.912 10073  4360  4438 I Unity   : AIPOILGIDBC:GIAAABOALAG()
1785440467.912 10073  4360  4438 I Unity   : LOFNDGFJIAE:MMAEPOLKNFO(LOFNDGFJIAE)
1785440467.912 10073  4360  4438 I Unity   : Nekki.SF2.GUI.Scenes.GameLoaderScene:Update()
1785440467.912 10073  4360  4438 I Unity   : (Filename: ./Runtime/Export/Debug.bindings.h Line: 45)
1785440467.914 10073  4360  4438 I Unity   : [QuestsManager] Running quest : [promo_MapButtonRemover_FirstPayment]
1785440467.914 10073  4360  4438 I Unity   : UnityEngine.Logger:LogFormat(LogType, String, Object[])
1785440467.914 10073  4360  4438 I Unity   : UnityEngine.Debug:LogFormat(String, Object[])
1785440467.914 10073  4360  4438 I Unity   : Nekki.SF2.Core.Quests.QuestsManager:BBFMMONCPJD()
1785440467.914 10073  4360  4438 I Unity   : Nekki.SF2.Core.Quests.QuestsManager:ScheduleAndRunQuests(ILPMDHHPBNJ)
1785440467.914 10073  4360  4438 I Unity   : AIPOILGIDBC:GIAAABOALAG()
1785440467.914 10073  4360  4438 I Unity   : LOFNDGFJIAE:MMAEPOLKNFO(LOFNDGFJIAE)
1785440467.914 10073  4360  4438 I Unity   : Nekki.SF2.GUI.Scenes.GameLoaderScene:Update()
1785440467.914 10073  4360  4438 I Unity   : (Filename: ./Runtime/Export/Debug.bindings.h Line: 45)
1785440467.916 10073  4360  4438 I Unity   : ListSF::GamingServiceLogin: started
1785440467.916 10073  4360  4438 I Unity   : UnityEngine.Logger:Log(LogType, Object)
1785440467.916 10073  4360  4438 I Unity   : BPODGBGPPBE:KNAMJOMDHNO()
1785440467.916 10073  4360  4438 I Unity   : AIPOILGIDBC:GIAAABOALAG()
1785440467.916 10073  4360  4438 I Unity   : LOFNDGFJIAE:MMAEPOLKNFO(LOFNDGFJIAE)
1785440467.916 10073  4360  4438 I Unity   : Nekki.SF2.GUI.Scenes.GameLoaderScene:Update()
1785440467.916 10073  4360  4438 I Unity   : (Filename: ./Runtime/Export/Debug.bindings.h Line: 45)
1785440467.918 10073  4360  4438 I Unity   : ListSF::GamingServiceLogin: GamingServiceAuthenticator.StartAuthenticateRoutine
1785440467.918 10073  4360  4438 I Unity   : UnityEngine.Logger:Log(LogType, Object)
1785440467.918 10073  4360  4438 I Unity   : BPODGBGPPBE:KNAMJOMDHNO()
1785440467.918 10073  4360  4438 I Unity   : AIPOILGIDBC:GIAAABOALAG()
1785440467.918 10073  4360  4438 I Unity   : LOFNDGFJIAE:MMAEPOLKNFO(LOFNDGFJIAE)
1785440467.918 10073  4360  4438 I Unity   : Nekki.SF2.GUI.Scenes.GameLoaderScene:Update()
1785440467.918 10073  4360  4438 I Unity   : (Filename: ./Runtime/Export/Debug.bindings.h Line: 45)
1785440467.919 10073  4360  4438 I Unity   : [GamingServiceAuthenticator] StopAuthenticateRoutine
1785440467.919 10073  4360  4438 I Unity   : UnityEngine.Logger:Log(LogType, Object)
1785440467.919 10073  4360  4438 I Unity   : LBPJKJFHIDE:FPGMJGCGHPL()
1785440467.919 10073  4360  4438 I Unity   : LBPJKJFHIDE:LAFGOGJJPON(Action`1)
1785440467.919 10073  4360  4438 I Unity   : AIPOILGIDBC:GIAAABOALAG()
1785440467.919 10073  4360  4438 I Unity   : LOFNDGFJIAE:MMAEPOLKNFO(LOFNDGFJIAE)
1785440467.919 10073  4360  4438 I Unity   : Nekki.SF2.GUI.Scenes.GameLoaderScene:Update()
1785440467.919 10073  4360  4438 I Unity   : (Filename: ./Runtime/Export/Debug.bindings.h Line: 45)
1785440467.920 10073  4360  4438 I Unity   : Quest promo_MapButtonRemover_RepeatPayment started
1785440467.920 10073  4360  4438 I Unity   : UnityEngine.Logger:Log(LogType, Object)
1785440467.920 10073  4360  4438 I Unity   : NKMMLFBKOEL:JOJKAIJDNHL(HFEOJCDENDP, Boolean)
1785440467.920 10073  4360  4438 I Unity   : Nekki.SF2.Core.Quests.QuestsManager:BBFMMONCPJD()
1785440467.920 10073  4360  4438 I Unity   : (Filename: ./Runtime/Export/Debug.bindings.h Line: 45)
1785440467.921 10073  4360  4438 I Unity   : [QuestsManager] Running quest : [promo_MapButtonRemover_RepeatPayment]
1785440467.921 10073  4360  4438 I Unity   : UnityEngine.Logger:LogFormat(LogType, String, Object[])
1785440467.921 10073  4360  4438 I Unity   : UnityEngine.Debug:LogFormat(String, Object[])
1785440467.921 10073  4360  4438 I Unity   : Nekki.SF2.Core.Quests.QuestsManager:BBFMMONCPJD()
1785440467.921 10073  4360  4438 I Unity   : (Filename: ./Runtime/Export/Debug.bindings.h Line: 45)
1785440467.925 10073  4360  4438 I Unity   : Quest promo_MapButtonRemover_IncreasePayment started
1785440467.925 10073  4360  4438 I Unity   : UnityEngine.Logger:Log(LogType, Object)
1785440467.925 10073  4360  4438 I Unity   : NKMMLFBKOEL:JOJKAIJDNHL(HFEOJCDENDP, Boolean)
1785440467.925 10073  4360  4438 I Unity   : Nekki.SF2.Core.Quests.QuestsManager:BBFMMONCPJD()
1785440467.925 10073  4360  4438 I Unity   : (Filename: ./Runtime/Export/Debug.bindings.h Line: 45)
1785440467.926 10073  4360  4438 I Unity   : [QuestsManager] Running quest : [promo_MapButtonRemover_IncreasePayment]
1785440467.926 10073  4360  4438 I Unity   : UnityEngine.Logger:LogFormat(LogType, String, Object[])
1785440467.926 10073  4360  4438 I Unity   : UnityEngine.Debug:LogFormat(String, Object[])
1785440467.926 10073  4360  4438 I Unity   : Nekki.SF2.Core.Quests.QuestsManager:BBFMMONCPJD()
1785440467.926 10073  4360  4438 I Unity   : (Filename: ./Runtime/Export/Debug.bindings.h Line: 45)
1785440467.927 10073  4360  4438 I Unity   : [GamingServiceAuthenticator] AuthenticateRoutine: starting...
1785440467.927 10073  4360  4438 I Unity   : UnityEngine.Logger:Log(LogType, Object)
1785440467.927 10073  4360  4438 I Unity   : <AuthenticateRoutine>d__6:MoveNext()
1785440467.927 10073  4360  4438 I Unity   : Coroutine:MoveNext()
1785440467.927 10073  4360  4438 I Unity   : <CallWrapper>d__15:MoveNext()
1785440467.927 10073  4360  4438 I Unity   : UnityEngine.SetupCoroutine:InvokeMoveNext(IEnumerator, IntPtr)
1785440467.927 10073  4360  4438 I Unity   : (Filename: ./Runtime/Export/Debug.bindings.h Line: 45)
1785440467.928 10073  4360  4438 I Unity   : [MEONEBIIBDJ]: SignIn
1785440467.928 10073  4360  4438 I Unity   : UnityEngine.Logger:LogFormat(LogType, String, Object[])
1785440467.928 10073  4360  4438 I Unity   : UnityEngine.Debug:LogFormat(String, Object[])
1785440467.928 10073  4360  4438 I Unity   : MEONEBIIBDJ:ENKMGFFBJCM()
1785440467.928 10073  4360  4438 I Unity   : <AuthenticateRoutine>d__6:MoveNext()
1785440467.928 10073  4360  4438 I Unity   : Coroutine:MoveNext()
1785440467.928 10073  4360  4438 I Unity   : <CallWrapper>d__15:MoveNext()
1785440467.928 10073  4360  4438 I Unity   : UnityEngine.SetupCoroutine:InvokeMoveNext(IEnumerator, IntPtr)
1785440467.928 10073  4360  4438 I Unity   : (Filename: ./Runtime/Export/Debug.bindings.h Line: 45)
1785440467.932 10073  4360  4438 I Unity   : Starting Auth with token client.
1785440467.932 10073  4360  4438 I Unity   : UnityEngine.Logger:Log(LogType, Object)
1785440467.932 10073  4360  4438 I Unity   : GooglePlayGames.Android.AndroidClient:Authenticate(Boolean, Action`1)
1785440467.932 10073  4360  4438 I Unity   : <AuthenticateRoutine>d__6:MoveNext()
1785440467.932 10073  4360  4438 I Unity   : Coroutine:MoveNext()
1785440467.932 10073  4360  4438 I Unity   : <CallWrapper>d__15:MoveNext()
1785440467.932 10073  4360  4438 I Unity   : UnityEngine.SetupCoroutine:InvokeMoveNext(IEnumerator, IntPtr)
1785440467.932 10073  4360  4438 I Unity   : (Filename: ./Runtime/Export/Debug.bindings.h Line: 45)
1785440467.935 10073  4360  4438 I Unity   : Quest promo_MapButtonRemover_StarterPack started
1785440467.935 10073  4360  4438 I Unity   : UnityEngine.Logger:Log(LogType, Object)
1785440467.935 10073  4360  4438 I Unity   : NKMMLFBKOEL:JOJKAIJDNHL(HFEOJCDENDP, Boolean)
1785440467.935 10073  4360  4438 I Unity   : Nekki.SF2.Core.Quests.QuestsManager:BBFMMONCPJD()
1785440467.935 10073  4360  4438 I Unity   : (Filename: ./Runtime/Export/Debug.bindings.h Line: 45)
1785440467.937 10073  4360  4438 I Unity   : [QuestsManager] Running quest : [promo_MapButtonRemover_StarterPack]
1785440467.937 10073  4360  4438 I Unity   : UnityEngine.Logger:LogFormat(LogType, String, Object[])
1785440467.937 10073  4360  4438 I Unity   : UnityEngine.Debug:LogFormat(String, Object[])
1785440467.937 10073  4360  4438 I Unity   : Nekki.SF2.Core.Quests.QuestsManager:BBFMMONCPJD()
1785440467.937 10073  4360  4438 I Unity   : (Filename: ./Runtime/Export/Debug.bindings.h Line: 45)
1785440467.939 10073  4360  4438 D HelperFragment: Creating fragment
1785440467.939 10073  4360  4360 D HelperFragment: onResume called
1785440467.939 10073  4360  4360 D SignInRequest: signIn
1785440467.940 10073  4360  4360 D SignInRequest: Building client for: 1d3a32a (a:false e:true i:true wc: 1081323847439-3lmh584l4uabhv4kahtpb2n8btbbql09.apps.googleusercontent.com f: false)
1785440467.942 10073  4360  4360 D SignInRequest: canReuseAccount: false
1785440467.942 10073  4360  4360 D SignInRequest: signInClient.silentSignIn
1785440467.935 10073  4360  4360 I kki.shadowfight: type=1400 audit(0.0:1790): avc: denied { search } for name="ru.zhxdodxb.uyaykgsja" dev="sdb3" ino=5849751 scontext=u:r:untrusted_app:s0:c73,c256,c512,c768 tcontext=u:object_r:app_data_file:s0:c60,c256,c512,c768 tclass=dir permissive=1
1785440467.952 10073  4360  4438 I Unity   : Quest AttachPacksAsianQuests started
1785440467.952 10073  4360  4438 I Unity   : UnityEngine.Logger:Log(LogType, Object)
1785440467.952 10073  4360  4438 I Unity   : NKMMLFBKOEL:JOJKAIJDNHL(HFEOJCDENDP, Boolean)
1785440467.952 10073  4360  4438 I Unity   : Nekki.SF2.Core.Quests.QuestsManager:BBFMMONCPJD()
1785440467.952 10073  4360  4438 I Unity   : (Filename: ./Runtime/Export/Debug.bindings.h Line: 45)
1785440467.956 10073  4360  4438 I Unity   : [QuestsManager] Running quest : [AttachPacksAsianQuests]
1785440467.956 10073  4360  4438 I Unity   : UnityEngine.Logger:LogFormat(LogType, String, Object[])
1785440467.956 10073  4360  4438 I Unity   : UnityEngine.Debug:LogFormat(String, Object[])
1785440467.956 10073  4360  4438 I Unity   : Nekki.SF2.Core.Quests.QuestsManager:BBFMMONCPJD()
1785440467.956 10073  4360  4438 I Unity   : (Filename: ./Runtime/Export/Debug.bindings.h Line: 45)
1785440467.969 10073  4360  4438 I Unity   : Quest AttachTutorialQuests started
1785440467.969 10073  4360  4438 I Unity   : UnityEngine.Logger:Log(LogType, Object)
1785440467.969 10073  4360  4438 I Unity   : NKMMLFBKOEL:JOJKAIJDNHL(HFEOJCDENDP, Boolean)
1785440467.969 10073  4360  4438 I Unity   : Nekki.SF2.Core.Quests.QuestsManager:BBFMMONCPJD()
1785440467.969 10073  4360  4438 I Unity   : (Filename: ./Runtime/Export/Debug.bindings.h Line: 45)
1785440467.974 10073  4360  4438 I Unity   : [QuestsManager] Running quest : [AttachTutorialQuests]
1785440467.974 10073  4360  4438 I Unity   : UnityEngine.Logger:LogFormat(LogType, String, Object[])
1785440467.974 10073  4360  4438 I Unity   : UnityEngine.Debug:LogFormat(String, Object[])
1785440467.974 10073  4360  4438 I Unity   : Nekki.SF2.Core.Quests.QuestsManager:BBFMMONCPJD()
1785440467.974 10073  4360  4438 I Unity   : (Filename: ./Runtime/Export/Debug.bindings.h Line: 45)
1785440467.984 10073  4360  4438 I Unity   : Quest VariablesReset started
1785440467.984 10073  4360  4438 I Unity   : UnityEngine.Logger:Log(LogType, Object)
1785440467.984 10073  4360  4438 I Unity   : NKMMLFBKOEL:JOJKAIJDNHL(HFEOJCDENDP, Boolean)
1785440467.984 10073  4360  4438 I Unity   : Nekki.SF2.Core.Quests.QuestsManager:BBFMMONCPJD()
1785440467.984 10073  4360  4438 I Unity   : (Filename: ./Runtime/Export/Debug.bindings.h Line: 45)
1785440467.986 10073  4360  4438 I Unity   : [QuestsManager] Running quest : [VariablesReset]
1785440467.986 10073  4360  4438 I Unity   : UnityEngine.Logger:LogFormat(LogType, String, Object[])
1785440467.986 10073  4360  4438 I Unity   : UnityEngine.Debug:LogFormat(String, Object[])
1785440467.986 10073  4360  4438 I Unity   : Nekki.SF2.Core.Quests.QuestsManager:BBFMMONCPJD()
1785440467.986 10073  4360  4438 I Unity   : (Filename: ./Runtime/Export/Debug.bindings.h Line: 45)
1785440467.989 10073  4360  4360 D SignInRequest: silentSignIn.onFailure
1785440467.989 10073  4360  4360 E SignInRequest: Sign-in failed with status code: 10
1785440467.989 10073  4360  4360 E SignInRequest: Setting result error status code to: 10
1785440467.993 10073  4360  4360 I Unity   : Returning an error code.
1785440467.993 10073  4360  4360 I Unity   : UnityEngine.Logger:Log(LogType, Object)
1785440467.993 10073  4360  4360 I Unity   : GooglePlayGames.Android.<>c__DisplayClass18_0:<Authenticate>b__0(Int32)
1785440467.993 10073  4360  4360 I Unity   : System.Reflection.MonoMethod:Invoke(Object, BindingFlags, Binder, Object[], CultureInfo)
1785440467.993 10073  4360  4360 I Unity   : System.Reflection.MethodBase:Invoke(Object, Object[])
1785440467.993 10073  4360  4360 I Unity   : UnityEngine.AndroidJavaProxy:Invoke(String, Object[])
1785440467.993 10073  4360  4360 I Unity   : UnityEngine._AndroidJNIHelper:InvokeJavaProxyMethod(AndroidJavaProxy, IntPtr, IntPtr)
1785440467.993 10073  4360  4360 I Unity   : (Filename: ./Runtime/Export/Debug.bindings.h Line: 45)
1785440467.999 10073  4360  4438 I Unity   : Quest SurvivalRestartInit started
1785440467.999 10073  4360  4438 I Unity   : UnityEngine.Logger:Log(LogType, Object)
1785440467.999 10073  4360  4438 I Unity   : NKMMLFBKOEL:JOJKAIJDNHL(HFEOJCDENDP, Boolean)
1785440467.999 10073  4360  4438 I Unity   : Nekki.SF2.Core.Quests.QuestsManager:BBFMMONCPJD()
1785440467.999 10073  4360  4438 I Unity   : (Filename: ./Runtime/Export/Debug.bindings.h Line: 45)
1785440468.001 10073  4360  4438 I Unity   : [QuestsManager] Running quest : [SurvivalRestartInit]
1785440468.001 10073  4360  4438 I Unity   : UnityEngine.Logger:LogFormat(LogType, String, Object[])
1785440468.001 10073  4360  4438 I Unity   : UnityEngine.Debug:LogFormat(String, Object[])
1785440468.001 10073  4360  4438 I Unity   : Nekki.SF2.Core.Quests.QuestsManager:BBFMMONCPJD()
1785440468.001 10073  4360  4438 I Unity   : (Filename: ./Runtime/Export/Debug.bindings.h Line: 45)
1785440468.004 10073  4360  4438 I Unity   : [MEONEBIIBDJ]: CB_Authenticate, authed = False
1785440468.004 10073  4360  4438 I Unity   : UnityEngine.Logger:LogFormat(LogType, String, Object[])
1785440468.004 10073  4360  4438 I Unity   : UnityEngine.Debug:LogFormat(String, Object[])
1785440468.004 10073  4360  4438 I Unity   : MEONEBIIBDJ:GKGEAACACBB(Boolean)
1785440468.004 10073  4360  4438 I Unity   : GooglePlayGames.<>c__DisplayClass33_0:<Authenticate>b__0(SignInStatus)
1785440468.004 10073  4360  4438 I Unity   : GooglePlayGames.OurUtils.PlayGamesHelperObject:Update()
1785440468.004 10073  4360  4438 I Unity   : (Filename: ./Runtime/Export/Debug.bindings.h Line: 45)
1785440468.006 10073  4360  4438 I Unity   : [GamingServiceAuthenticator] OnAuthenticate: isAuth = False
1785440468.006 10073  4360  4438 I Unity   : UnityEngine.Logger:Log(LogType, Object)
1785440468.006 10073  4360  4438 I Unity   : LBPJKJFHIDE:ALPAHDFOMGE(Boolean)
1785440468.006 10073  4360  4438 I Unity   : System.Action`1:Invoke(T)
1785440468.006 10073  4360  4438 I Unity   : MEONEBIIBDJ:GKGEAACACBB(Boolean)
1785440468.006 10073  4360  4438 I Unity   : GooglePlayGames.<>c__DisplayClass33_0:<Authenticate>b__0(SignInStatus)
1785440468.006 10073  4360  4438 I Unity   : GooglePlayGames.OurUtils.PlayGamesHelperObject:Update()
1785440468.006 10073  4360  4438 I Unity   : (Filename: ./Runtime/Export/Debug.bindings.h Line: 45)
1785440468.007 10073  4360  4438 I Unity   : [GamingServiceAuthenticator] StopAuthenticateRoutine
1785440468.007 10073  4360  4438 I Unity   : UnityEngine.Logger:Log(LogType, Object)
1785440468.007 10073  4360  4438 I Unity   : LBPJKJFHIDE:FPGMJGCGHPL()
1785440468.007 10073  4360  4438 I Unity   : LBPJKJFHIDE:ALPAHDFOMGE(Boolean)
1785440468.007 10073  4360  4438 I Unity   : System.Action`1:Invoke(T)
1785440468.007 10073  4360  4438 I Unity   : MEONEBIIBDJ:GKGEAACACBB(Boolean)
1785440468.007 10073  4360  4438 I Unity   : GooglePlayGames.<>c__DisplayClass33_0:<Authenticate>b__0(SignInStatus)
1785440468.007 10073  4360  4438 I Unity   : GooglePlayGames.OurUtils.PlayGamesHelperObject:Update()
1785440468.007 10073  4360  4438 I Unity   : (Filename: ./Runtime/Export/Debug.bindings.h Line: 45)
1785440468.009 10073  4360  4438 I Unity   : [GamingServiceAuthenticator] CallFinished: value = False
1785440468.009 10073  4360  4438 I Unity   : UnityEngine.Logger:Log(LogType, Object)
1785440468.009 10073  4360  4438 I Unity   : LBPJKJFHIDE:DFOEJDOGCIB(Boolean)
1785440468.009 10073  4360  4438 I Unity   : LBPJKJFHIDE:ALPAHDFOMGE(Boolean)
1785440468.009 10073  4360  4438 I Unity   : System.Action`1:Invoke(T)
1785440468.009 10073  4360  4438 I Unity   : MEONEBIIBDJ:GKGEAACACBB(Boolean)
1785440468.009 10073  4360  4438 I Unity   : GooglePlayGames.<>c__DisplayClass33_0:<Authenticate>b__0(SignInStatus)
1785440468.009 10073  4360  4438 I Unity   : GooglePlayGames.OurUtils.PlayGamesHelperObject:Update()
1785440468.009 10073  4360  4438 I Unity   : (Filename: ./Runtime/Export/Debug.bindings.h Line: 45)
1785440468.011 10073  4360  4438 I Unity   : ListSF::OnGamingServiceLoginEnd
1785440468.011 10073  4360  4438 I Unity   : UnityEngine.Logger:Log(LogType, Object)
1785440468.011 10073  4360  4438 I Unity   : BPODGBGPPBE:DEKPAMHFPHC()
1785440468.011 10073  4360  4438 I Unity   : LBPJKJFHIDE:DFOEJDOGCIB(Boolean)
1785440468.011 10073  4360  4438 I Unity   : LBPJKJFHIDE:ALPAHDFOMGE(Boolean)
1785440468.011 10073  4360  4438 I Unity   : System.Action`1:Invoke(T)
1785440468.011 10073  4360  4438 I Unity   : MEONEBIIBDJ:GKGEAACACBB(Boolean)
1785440468.011 10073  4360  4438 I Unity   : GooglePlayGames.<>c__DisplayClass33_0:<Authenticate>b__0(SignInStatus)
1785440468.011 10073  4360  4438 I Unity   : GooglePlayGames.OurUtils.PlayGamesHelperObject:Update()
1785440468.011 10073  4360  4438 I Unity   : (Filename: ./Runtime/Export/Debug.bindings.h Line: 45)
1785440468.014 10073  4360  4438 I Unity   : ConditionExtension::setValue - empty string
1785440468.014 10073  4360  4438 I Unity   : UnityEngine.Logger:Log(LogType, Object)
1785440468.014 10073  4360  4438 I Unity   : Nekki.Functions.ConditionExtension:SetValue(String, CompareResult, Boolean, String)
1785440468.014 10073  4360  4438 I Unity   : EDNMJBAJPKK:FGANBLNBKIM(HFEOJCDENDP)
1785440468.014 10073  4360  4438 I Unity   : EDNMJBAJPKK:GPMPDCNIBLH(HFEOJCDENDP)
1785440468.014 10073  4360  4438 I Unity   : NKMMLFBKOEL:GPMPDCNIBLH(HFEOJCDENDP)
1785440468.014 10073  4360  4438 I Unity   : Nekki.SF2.Core.Quests.QuestsManager:ScheduleQuests(ILPMDHHPBNJ)
1785440468.014 10073  4360  4438 I Unity   : Nekki.SF2.Core.Quests.QuestsManager:ScheduleAndRunQuests(ILPMDHHPBNJ)
1785440468.014 10073  4360  4438 I Unity   : BPODGBGPPBE:DEKPAMHFPHC()
1785440468.014 10073  4360  4438 I Unity   : LBPJKJFHIDE:DFOEJDOGCIB(Boolean)
1785440468.014 10073  4360  4438 I Unity   : LBPJKJFHIDE:ALPAHDFOMGE(Boolean)
1785440468.014 10073  4360  4438 I Unity   : System.Action`1:Invoke(T)
1785440468.014 10073  4360  4438 I Unity   : MEONEBIIBDJ:GKGEAACACBB(Boolean)
1785440468.014 10073  4360  4438 I Unity   : GooglePlayGames.<>c__DisplayClass33_0:<Authenticate>b__0(SignInStatus)
1785440468.014 10073  4360  4438 I Unity   : GooglePlayGames.OurUtils.PlayGamesHelperObject:Update()
1785440468.014 10073  4360  4438 I Unity   : (Filename: ./Runtime/Export/Debug.bindings.h Line: 45)
1785440468.017 10073  4360  4438 I Unity   : [Quests] added to stack: ShowAndroidNoAccountWarning
1785440468.017 10073  4360  4438 I Unity   : UnityEngine.Logger:Log(LogType, Object)
1785440468.017 10073  4360  4438 I Unity   : Nekki.SF2.Core.Quests.QuestsManager:ILDLDDBKLHD(NKMMLFBKOEL)
1785440468.017 10073  4360  4438 I Unity   : Nekki.SF2.Core.Quests.QuestsManager:AddQuestToStack(NKMMLFBKOEL, Boolean)
1785440468.017 10073  4360  4438 I Unity   : Nekki.SF2.Core.Quests.QuestsManager:ScheduleQuests(ILPMDHHPBNJ)
1785440468.017 10073  4360  4438 I Unity   : Nekki.SF2.Core.Quests.QuestsManager:ScheduleAndRunQuests(ILPMDHHPBNJ)
1785440468.017 10073  4360  4438 I Unity   : BPODGBGPPBE:DEKPAMHFPHC()
1785440468.017 10073  4360  4438 I Unity   : LBPJKJFHIDE:DFOEJDOGCIB(Boolean)
1785440468.017 10073  4360  4438 I Unity   : LBPJKJFHIDE:ALPAHDFOMGE(Boolean)
1785440468.017 10073  4360  4438 I Unity   : System.Action`1:Invoke(T)
1785440468.017 10073  4360  4438 I Unity   : MEONEBIIBDJ:GKGEAACACBB(Boolean)
1785440468.017 10073  4360  4438 I Unity   : GooglePlayGames.<>c__DisplayClass33_0:<Authenticate>b__0(SignInStatus)
1785440468.017 10073  4360  4438 I Unity   : GooglePlayGames.OurUtils.PlayGamesHelperObject:Update()
1785440468.017 10073  4360  4438 I Unity   : (Filename: ./Runtime/Export/Debug.bindings.h Line: 45)
1785440468.019 10073  4360  4438 I Unity   : Quest ShowAndroidNoAccountWarning started
1785440468.019 10073  4360  4438 I Unity   : UnityEngine.Logger:Log(LogType, Object)
1785440468.019 10073  4360  4438 I Unity   : NKMMLFBKOEL:JOJKAIJDNHL(HFEOJCDENDP, Boolean)
1785440468.019 10073  4360  4438 I Unity   : Nekki.SF2.Core.Quests.QuestsManager:BBFMMONCPJD()
1785440468.019 10073  4360  4438 I Unity   : Nekki.SF2.Core.Quests.QuestsManager:ScheduleAndRunQuests(ILPMDHHPBNJ)
1785440468.019 10073  4360  4438 I Unity   : BPODGBGPPBE:DEKPAMHFPHC()
1785440468.019 10073  4360  4438 I Unity   : LBPJKJFHIDE:DFOEJDOGCIB(Boolean)
1785440468.019 10073  4360  4438 I Unity   : LBPJKJFHIDE:ALPAHDFOMGE(Boolean)
1785440468.019 10073  4360  4438 I Unity   : System.Action`1:Invoke(T)
1785440468.019 10073  4360  4438 I Unity   : MEONEBIIBDJ:GKGEAACACBB(Boolean)
1785440468.019 10073  4360  4438 I Unity   : GooglePlayGames.<>c__DisplayClass33_0:<Authenticate>b__0(SignInStatus)
1785440468.019 10073  4360  4438 I Unity   : GooglePlayGames.OurUtils.PlayGamesHelperObject:Update()
1785440468.019 10073  4360  4438 I Unity   : (Filename: ./Runtime/Export/Debug.bindings.h Line: 45)
1785440468.056 10073  4360  4438 I Unity   : ConditionExtension::setValue - empty string QAD:image
1785440468.056 10073  4360  4438 I Unity   : UnityEngine.Logger:Log(LogType, Object)
1785440468.056 10073  4360  4438 I Unity   : Nekki.Functions.ConditionExtension:SetValue(String, CompareResult, Boolean, String)
1785440468.056 10073  4360  4438 I Unity   : KKPGJFHBDAB:NGAKLGHBIKJ(HFEOJCDENDP)
1785440468.056 10073  4360  4438 I Unity   : BCDLKECONDP:HDFONOONDLI(HFEOJCDENDP)
1785440468.056 10073  4360  4438 I Unity   : System.Action`1:Invoke(T)
1785440468.056 10073  4360  4438 I Unity   : System.Action:Invoke()
1785440468.056 10073  4360  4438 I Unity   : BCDLKECONDP:HDFONOONDLI(HFEOJCDENDP)
1785440468.056 10073  4360  4438 I Unity   : System.Action`1:Invoke(T)
1785440468.056 10073  4360  4438 I Unity   : HENFKJGCGFK:NGAKLGHBIKJ(HFEOJCDENDP)
1785440468.056 10073  4360  4438 I Unity   : Nekki.SF2.Core.Quests.QuestsManager:BBFMMONCPJD()
1785440468.056 10073  4360  4438 I Unity   : Nekki.SF2.Core.Quests.QuestsManager:ScheduleAndRunQuests(ILPMDHHPBNJ)
1785440468.056 10073  4360  4438 I Unity   : BPODGBGPPBE:DEKPAMHFPHC()
1785440468.056 10073  4360  4438 I Unity   : LBPJKJFHIDE:DFOEJDOGCIB(Boolean)
1785440468.056 10073  4360  4438 I Unity   : LBPJKJFHIDE:ALPAHDFOMGE(Boolean)
1785440468.056 10073  4360  4438 I Unity   : System.Action`1:Invoke(T)
1785440468.056 10073  4360  4438 I Unity   : MEONEBIIBDJ:GKGEAACACBB(Boolean)
1785440468.056 10073  4360  4438 I Unity   : GooglePlayGames.<>c__DisplayClass33_0:<Authenticate>b__0(SignInStatus)
1785440468.056 10073  4360  4438 I Unity   : GooglePlayGames.OurUtils.PlayGamesHelperObject:Update()
1785440468.056 10073  4360  4438 I Unity   : (Filename: ./Runtime/Export/Debug.bindings.h Line: 45)
1785440468.138 10073  4360  4438 I Unity   : [BaseDialog] init. ScrollDialog, header = dlgWarning
1785440468.138 10073  4360  4438 I Unity   : UnityEngine.Logger:Log(LogType, Object)
1785440468.138 10073  4360  4438 I Unity   : Nekki.SF2.GUI.Dialogs.BaseDialog:OIPLBKIDCFM(String, String, String, NNPEKJADKFA)
1785440468.138 10073  4360  4438 I Unity   : Nekki.SF2.GUI.Dialogs.SimpleDialog:Init(Object)
1785440468.138 10073  4360  4438 I Unity   : HLDDFONOKKP:FFOIAOLFPMM(CKLOPKJFFAA, Object)
1785440468.138 10073  4360  4438 I Unity   : HLDDFONOKKP:NKGCDOJMNHI(CKLOPKJFFAA, Object)
1785440468.138 10073  4360  4438 I Unity   : BGAAKHANPIF:LKOLKOPOEEH(CKLOPKJFFAA, String, String, String, String, Action`1, JBELJJFDMNK, JBELJJFDMNK, Boolean, Boolean, String, Boolean, Boolean, Boolean, Boolean)
1785440468.138 10073  4360  4438 I Unity   : BGAAKHANPIF:FDMLGCHFNNO(String, String, String, String, Action`1, JBELJJFDMNK, JBELJJFDMNK, Boolean, Boolean, String, Boolean, Boolean, Boolean, Boolean, Boolean)
1785440468.138 10073  4360  4438 I Unity   : KKPGJFHBDAB:NGAKLGHBIKJ(HFEOJCDENDP)
1785440468.138 10073  4360  4438 I Unity   : BCDLKECONDP:HDFONOONDLI(HFEOJCDENDP)
1785440468.138 10073  4360  4438 I Unity   : System.Action`1:Invoke(T)
1785440468.138 10073  4360  4438 I Unity   : System.Action:Invoke()
1785440468.138 10073  4360  4438 I Unity   : BCDLKECONDP:HDFONOONDLI(HFEOJCDENDP)
1785440468.138 10073  4360  4438 I Unity   : System.Action`1:Invoke(T)
1785440468.138 10073  4360  4438 I Unity   : HENFKJGCGFK:NGAKLGHBIKJ(HFEOJCDENDP)
1785440468.138 10073  4360  4438 I Unity   : Nekki.SF2.Core.Quests.QuestsManager:BBFMMONCPJD()
1785440468.138 10073  4360  4438 I Unity   : Nekki.SF2.Core.Quests.QuestsManager:ScheduleAndRunQuests(ILPMDHHPBNJ)
1785440468.138 10073  4360  4438 I Unity   : BPODGBGPPBE:DEKPAMHFPHC()
1785440468.138 10073  4360  4438 I Unity   : LBPJKJFHIDE
1785440468.143 10073  4360  4438 I Unity   : [QuestsManager] Running quest : [ShowAndroidNoAccountWarning]
1785440468.143 10073  4360  4438 I Unity   : UnityEngine.Logger:LogFormat(LogType, String, Object[])
1785440468.143 10073  4360  4438 I Unity   : UnityEngine.Debug:LogFormat(String, Object[])
1785440468.143 10073  4360  4438 I Unity   : Nekki.SF2.Core.Quests.QuestsManager:BBFMMONCPJD()
1785440468.143 10073  4360  4438 I Unity   : Nekki.SF2.Core.Quests.QuestsManager:ScheduleAndRunQuests(ILPMDHHPBNJ)
1785440468.143 10073  4360  4438 I Unity   : BPODGBGPPBE:DEKPAMHFPHC()
1785440468.143 10073  4360  4438 I Unity   : LBPJKJFHIDE:DFOEJDOGCIB(Boolean)
1785440468.143 10073  4360  4438 I Unity   : LBPJKJFHIDE:ALPAHDFOMGE(Boolean)
1785440468.143 10073  4360  4438 I Unity   : System.Action`1:Invoke(T)
1785440468.143 10073  4360  4438 I Unity   : MEONEBIIBDJ:GKGEAACACBB(Boolean)
1785440468.143 10073  4360  4438 I Unity   : GooglePlayGames.<>c__DisplayClass33_0:<Authenticate>b__0(SignInStatus)
1785440468.143 10073  4360  4438 I Unity   : GooglePlayGames.OurUtils.PlayGamesHelperObject:Update()
1785440468.143 10073  4360  4438 I Unity   : (Filename: ./Runtime/Export/Debug.bindings.h Line: 45)
1785440470.143 10073  4360  4438 I Unity   : ListSF::CheckNetworkLogin: called
1785440470.143 10073  4360  4438 I Unity   : UnityEngine.Logger:Log(LogType, Object)
1785440470.143 10073  4360  4438 I Unity   : BPODGBGPPBE:NNMDIALCKFE()
1785440470.143 10073  4360  4438 I Unity   : GBCJDIAMBJH:NGAKLGHBIKJ(HFEOJCDENDP)
1785440470.143 10073  4360  4438 I Unity   : Nekki.Events.EventDispatcher`1:CallEvent(Int32, T)
1785440470.143 10073  4360  4438 I Unity   : Nekki.SF2.GUI.Dialogs.BaseDialog:OnClose(Object)
1785440470.143 10073  4360  4438 I Unity   : Nekki.Events.EventDispatcher`1:CallEvent(Int32, T)
1785440470.143 10073  4360  4438 I Unity   : SFButton:OnClick(PointerEventData)
1785440470.143 10073  4360  4438 I Unity   : UnityEngine.EventSystems.ExecuteEvents:Execute(GameObject, BaseEventData, EventFunction`1)
1785440470.143 10073  4360  4438 I Unity   : UnityEngine.EventSystems.StandaloneInputModule:ProcessTouchPress(PointerEventData, Boolean, Boolean)
1785440470.143 10073  4360  4438 I Unity   : UnityEngine.EventSystems.StandaloneInputModule:ProcessTouchEvents()
1785440470.143 10073  4360  4438 I Unity   : UnityEngine.EventSystems.StandaloneInputModule:Process()
1785440470.143 10073  4360  4438 I Unity   : (Filename: ./Runtime/Export/Debug.bindings.h Line: 45)
1785440470.153 10073  4360  4438 I Unity   : [GeneralConfig] LoadConfig: url='https://assets.nekkimobile.ru/shadowfight/data/config_SF2_unity.xml?898025'
1785440470.153 10073  4360  4438 I Unity   : UnityEngine.Logger:LogFormat(LogType, String, Object[])
1785440470.153 10073  4360  4438 I Unity   : UnityEngine.Debug:LogFormat(String, Object[])
1785440470.153 10073  4360  4438 I Unity   : KJLKAKNIOGG:FGAEKCIEEMF(String, Action`1, Int32, Int32)
1785440470.153 10073  4360  4438 I Unity   : MMENHGANENE:FGAEKCIEEMF(Action`1)
1785440470.153 10073  4360  4438 I Unity   : GBCJDIAMBJH:NGAKLGHBIKJ(HFEOJCDENDP)
1785440470.153 10073  4360  4438 I Unity   : Nekki.Events.EventDispatcher`1:CallEvent(Int32, T)
1785440470.153 10073  4360  4438 I Unity   : Nekki.SF2.GUI.Dialogs.BaseDialog:OnClose(Object)
1785440470.153 10073  4360  4438 I Unity   : Nekki.Events.EventDispatcher`1:CallEvent(Int32, T)
1785440470.153 10073  4360  4438 I Unity   : SFButton:OnClick(PointerEventData)
1785440470.153 10073  4360  4438 I Unity   : UnityEngine.EventSystems.ExecuteEvents:Execute(GameObject, BaseEventData, EventFunction`1)
1785440470.153 10073  4360  4438 I Unity   : UnityEngine.EventSystems.StandaloneInputModule:ProcessTouchPress(PointerEventData, Boolean, Boolean)
1785440470.153 10073  4360  4438 I Unity   : UnityEngine.EventSystems.StandaloneInputModule:ProcessTouchEvents()
1785440470.153 10073  4360  4438 I Unity   : UnityEngine.EventSystems.StandaloneInputModule:Process()
1785440470.153 10073  4360  4438 I Unity   : (Filename: ./Runtime/Export/Debug.bindings.h Line: 45)
1785440470.159 10073  4360  4438 E Unity   : [GeneralConfig] OnLoadConfig: url='https://assets.nekkimobile.ru/shadowfight/data/config_SF2_unity.xml?898025', data.Length='0', error='Internet is not available'
1785440470.159 10073  4360  4438 E Unity   : UnityEngine.Logger:LogFormat(LogType, String, Object[])
1785440470.159 10073  4360  4438 E Unity   : UnityEngine.Debug:LogErrorFormat(String, Object[])
1785440470.159 10073  4360  4438 E Unity   : KJLKAKNIOGG:PODHBFLGLKL(Byte[], String, String)
1785440470.159 10073  4360  4438 E Unity   : System.Action`3:Invoke(T1, T2, T3)
1785440470.159 10073  4360  4438 E Unity   : Nekki.SF2.Core.Network.ServerProvider:DownloadFile(String, Action`3, Action`1, Int32)
1785440470.159 10073  4360  4438 E Unity   : KJLKAKNIOGG:FGAEKCIEEMF(String, Action`1, Int32, Int32)
1785440470.159 10073  4360  4438 E Unity   : MMENHGANENE:FGAEKCIEEMF(Action`1)
1785440470.159 10073  4360  4438 E Unity   : GBCJDIAMBJH:NGAKLGHBIKJ(HFEOJCDENDP)
1785440470.159 10073  4360  4438 E Unity   : Nekki.Events.EventDispatcher`1:CallEvent(Int32, T)
1785440470.159 10073  4360  4438 E Unity   : Nekki.SF2.GUI.Dialogs.BaseDialog:OnClose(Object)
1785440470.159 10073  4360  4438 E Unity   : Nekki.Events.EventDispatcher`1:CallEvent(Int32, T)
1785440470.159 10073  4360  4438 E Unity   : SFButton:OnClick(PointerEventData)
1785440470.159 10073  4360  4438 E Unity   : UnityEngine.EventSystems.ExecuteEvents:Execute(GameObject, BaseEventData, EventFunction`1)
1785440470.159 10073  4360  4438 E Unity   : UnityEngine.EventSystems.StandaloneInputModule:ProcessTouchPress(PointerEventData, Boolean, Boolean)
1785440470.159 10073  4360  4438 E Unity   : UnityEngine.EventSystems.StandaloneInputModule:ProcessTouchEvents()
1785440470.159 10073  4360  4438 E Unity   : UnityEngine
1785440470.163 10073  4360  4438 E Unity   : Error open xml: /storage/emulated/0/Android/data/com.nekki.shadowfight/files/gamedata/config_cdn.xml
1785440470.163 10073  4360  4438 E Unity   : UnityEngine.Logger:Log(LogType, Object)
1785440470.163 10073  4360  4438 E Unity   : PCMIKCPDDKM:KKLCPJKNFLL(String, String, FPKAKMNOFCH, Boolean, Boolean, Boolean, Boolean)
1785440470.163 10073  4360  4438 E Unity   : PCMIKCPDDKM:MCGMLGHIFNI(String, String, FPKAKMNOFCH, Boolean)
1785440470.163 10073  4360  4438 E Unity   : KJLKAKNIOGG:MAMAMFLBCLK(Boolean)
1785440470.163 10073  4360  4438 E Unity   : KJLKAKNIOGG:PODHBFLGLKL(Byte[], String, String)
1785440470.163 10073  4360  4438 E Unity   : System.Action`3:Invoke(T1, T2, T3)
1785440470.163 10073  4360  4438 E Unity   : Nekki.SF2.Core.Network.ServerProvider:DownloadFile(String, Action`3, Action`1, Int32)
1785440470.163 10073  4360  4438 E Unity   : KJLKAKNIOGG:FGAEKCIEEMF(String, Action`1, Int32, Int32)
1785440470.163 10073  4360  4438 E Unity   : MMENHGANENE:FGAEKCIEEMF(Action`1)
1785440470.163 10073  4360  4438 E Unity   : GBCJDIAMBJH:NGAKLGHBIKJ(HFEOJCDENDP)
1785440470.163 10073  4360  4438 E Unity   : Nekki.Events.EventDispatcher`1:CallEvent(Int32, T)
1785440470.163 10073  4360  4438 E Unity   : Nekki.SF2.GUI.Dialogs.BaseDialog:OnClose(Object)
1785440470.163 10073  4360  4438 E Unity   : Nekki.Events.EventDispatcher`1:CallEvent(Int32, T)
1785440470.163 10073  4360  4438 E Unity   : SFButton:OnClick(PointerEventData)
1785440470.163 10073  4360  4438 E Unity   : UnityEngine.EventSystems.ExecuteEvents:Execute(GameObject, BaseEventData, EventFunction`1)
1785440470.163 10073  4360  4438 E Unity   : UnityEngine.EventSystems.StandaloneInputModule:ProcessTouchPress(PointerEventData, Boolean, Boolean)
1785440470.163 10073  4360  4438 E Unity   : UnityEngine.EventSystems
1785440470.277 10073  4360  4438 E Unity   : GeneralConfig::ParseRaidSettings: disabled
1785440470.277 10073  4360  4438 E Unity   : UnityEngine.Logger:Log(LogType, Object)
1785440470.277 10073  4360  4438 E Unity   : KJLKAKNIOGG:NHAAIMDILON()
1785440470.277 10073  4360  4438 E Unity   : KJLKAKNIOGG:MAMAMFLBCLK(Boolean)
1785440470.277 10073  4360  4438 E Unity   : KJLKAKNIOGG:PODHBFLGLKL(Byte[], String, String)
1785440470.277 10073  4360  4438 E Unity   : System.Action`3:Invoke(T1, T2, T3)
1785440470.277 10073  4360  4438 E Unity   : Nekki.SF2.Core.Network.ServerProvider:DownloadFile(String, Action`3, Action`1, Int32)
1785440470.277 10073  4360  4438 E Unity   : KJLKAKNIOGG:FGAEKCIEEMF(String, Action`1, Int32, Int32)
1785440470.277 10073  4360  4438 E Unity   : MMENHGANENE:FGAEKCIEEMF(Action`1)
1785440470.277 10073  4360  4438 E Unity   : GBCJDIAMBJH:NGAKLGHBIKJ(HFEOJCDENDP)
1785440470.277 10073  4360  4438 E Unity   : Nekki.Events.EventDispatcher`1:CallEvent(Int32, T)
1785440470.277 10073  4360  4438 E Unity   : Nekki.SF2.GUI.Dialogs.BaseDialog:OnClose(Object)
1785440470.277 10073  4360  4438 E Unity   : Nekki.Events.EventDispatcher`1:CallEvent(Int32, T)
1785440470.277 10073  4360  4438 E Unity   : SFButton:OnClick(PointerEventData)
1785440470.277 10073  4360  4438 E Unity   : UnityEngine.EventSystems.ExecuteEvents:Execute(GameObject, BaseEventData, EventFunction`1)
1785440470.277 10073  4360  4438 E Unity   : UnityEngine.EventSystems.StandaloneInputModule:ProcessTouchPress(PointerEventData, Boolean, Boolean)
1785440470.277 10073  4360  4438 E Unity   : UnityEngine.EventSystems.StandaloneInputModule:ProcessTouchEvents()
1785440470.277 10073  4360  4438 E Unity   : UnityEngine.EventSystems.StandaloneInputModule:Process()
1785440470.277 10073  4360  4438 E Unity   : (Filename: ./Runtime/Export/Debug.bindings.h Line: 45)
1785440470.298 10073  4360  4438 I Unity   : [GeneralConfig] try find gamedata: BuildVersion='2.19.0', GamedataPackVersionOverride=''
1785440470.298 10073  4360  4438 I Unity   : UnityEngine.Logger:LogFormat(LogType, String, Object[])
1785440470.298 10073  4360  4438 I Unity   : UnityEngine.Debug:LogFormat(String, Object[])
1785440470.298 10073  4360  4438 I Unity   : KJLKAKNIOGG:FMHAFLOMOPP(XmlNode)
1785440470.298 10073  4360  4438 I Unity   : KJLKAKNIOGG:NHAAIMDILON()
1785440470.298 10073  4360  4438 I Unity   : KJLKAKNIOGG:MAMAMFLBCLK(Boolean)
1785440470.298 10073  4360  4438 I Unity   : KJLKAKNIOGG:PODHBFLGLKL(Byte[], String, String)
1785440470.298 10073  4360  4438 I Unity   : System.Action`3:Invoke(T1, T2, T3)
1785440470.298 10073  4360  4438 I Unity   : Nekki.SF2.Core.Network.ServerProvider:DownloadFile(String, Action`3, Action`1, Int32)
1785440470.298 10073  4360  4438 I Unity   : KJLKAKNIOGG:FGAEKCIEEMF(String, Action`1, Int32, Int32)
1785440470.298 10073  4360  4438 I Unity   : MMENHGANENE:FGAEKCIEEMF(Action`1)
1785440470.298 10073  4360  4438 I Unity   : GBCJDIAMBJH:NGAKLGHBIKJ(HFEOJCDENDP)
1785440470.298 10073  4360  4438 I Unity   : Nekki.Events.EventDispatcher`1:CallEvent(Int32, T)
1785440470.298 10073  4360  4438 I Unity   : Nekki.SF2.GUI.Dialogs.BaseDialog:OnClose(Object)
1785440470.298 10073  4360  4438 I Unity   : Nekki.Events.EventDispatcher`1:CallEvent(Int32, T)
1785440470.298 10073  4360  4438 I Unity   : SFButton:OnClick(PointerEventData)
1785440470.298 10073  4360  4438 I Unity   : UnityEngine.EventSystems.ExecuteEvents:Execute(GameObject, BaseEventData, EventFunction`1)
1785440470.298 10073  4360  4438 I Unity   : UnityEngine.EventSystems.StandaloneInputModule:ProcessTouchPress(PointerEventData, Boolean, Boolean)
1785440470.298 10073  4360  4438 I Unity   : UnityEngine.EventSystems.StandaloneInputModule:ProcessTouchEvents(
1785440470.302 10073  4360  4438 I Unity   : [GeneralConfig] not found!
1785440470.302 10073  4360  4438 I Unity   : UnityEngine.Logger:Log(LogType, Object)
1785440470.302 10073  4360  4438 I Unity   : KJLKAKNIOGG:FMHAFLOMOPP(XmlNode)
1785440470.302 10073  4360  4438 I Unity   : KJLKAKNIOGG:NHAAIMDILON()
1785440470.302 10073  4360  4438 I Unity   : KJLKAKNIOGG:MAMAMFLBCLK(Boolean)
1785440470.302 10073  4360  4438 I Unity   : KJLKAKNIOGG:PODHBFLGLKL(Byte[], String, String)
1785440470.302 10073  4360  4438 I Unity   : System.Action`3:Invoke(T1, T2, T3)
1785440470.302 10073  4360  4438 I Unity   : Nekki.SF2.Core.Network.ServerProvider:DownloadFile(String, Action`3, Action`1, Int32)
1785440470.302 10073  4360  4438 I Unity   : KJLKAKNIOGG:FGAEKCIEEMF(String, Action`1, Int32, Int32)
1785440470.302 10073  4360  4438 I Unity   : MMENHGANENE:FGAEKCIEEMF(Action`1)
1785440470.302 10073  4360  4438 I Unity   : GBCJDIAMBJH:NGAKLGHBIKJ(HFEOJCDENDP)
1785440470.302 10073  4360  4438 I Unity   : Nekki.Events.EventDispatcher`1:CallEvent(Int32, T)
1785440470.302 10073  4360  4438 I Unity   : Nekki.SF2.GUI.Dialogs.BaseDialog:OnClose(Object)
1785440470.302 10073  4360  4438 I Unity   : Nekki.Events.EventDispatcher`1:CallEvent(Int32, T)
1785440470.302 10073  4360  4438 I Unity   : SFButton:OnClick(PointerEventData)
1785440470.302 10073  4360  4438 I Unity   : UnityEngine.EventSystems.ExecuteEvents:Execute(GameObject, BaseEventData, EventFunction`1)
1785440470.302 10073  4360  4438 I Unity   : UnityEngine.EventSystems.StandaloneInputModule:ProcessTouchPress(PointerEventData, Boolean, Boolean)
1785440470.302 10073  4360  4438 I Unity   : UnityEngine.EventSystems.StandaloneInputModule:ProcessTouchEvents()
1785440470.302 10073  4360  4438 I Unity   : UnityEngine.EventSystems.StandaloneInputModule:Process()
1785440470.302 10073  4360  4438 I Unity   : (Filename: ./Runtime/Export/Debug.bindings.h Line: 45)
1785440470.307 10073  4360  4438 I Unity   : Login sequence: NetworkController.OnLoadConfig
1785440470.307 10073  4360  4438 I Unity   : UnityEngine.Logger:Log(LogType, Object)
1785440470.307 10073  4360  4438 I Unity   : MMENHGANENE:PODHBFLGLKL(Boolean)
1785440470.307 10073  4360  4438 I Unity   : KJLKAKNIOGG:DFOEJDOGCIB()
1785440470.307 10073  4360  4438 I Unity   : KJLKAKNIOGG:FMHAFLOMOPP(XmlNode)
1785440470.307 10073  4360  4438 I Unity   : KJLKAKNIOGG:NHAAIMDILON()
1785440470.307 10073  4360  4438 I Unity   : KJLKAKNIOGG:MAMAMFLBCLK(Boolean)
1785440470.307 10073  4360  4438 I Unity   : KJLKAKNIOGG:PODHBFLGLKL(Byte[], String, String)
1785440470.307 10073  4360  4438 I Unity   : System.Action`3:Invoke(T1, T2, T3)
1785440470.307 10073  4360  4438 I Unity   : Nekki.SF2.Core.Network.ServerProvider:DownloadFile(String, Action`3, Action`1, Int32)
1785440470.307 10073  4360  4438 I Unity   : KJLKAKNIOGG:FGAEKCIEEMF(String, Action`1, Int32, Int32)
1785440470.307 10073  4360  4438 I Unity   : MMENHGANENE:FGAEKCIEEMF(Action`1)
1785440470.307 10073  4360  4438 I Unity   : GBCJDIAMBJH:NGAKLGHBIKJ(HFEOJCDENDP)
1785440470.307 10073  4360  4438 I Unity   : Nekki.Events.EventDispatcher`1:CallEvent(Int32, T)
1785440470.307 10073  4360  4438 I Unity   : Nekki.SF2.GUI.Dialogs.BaseDialog:OnClose(Object)
1785440470.307 10073  4360  4438 I Unity   : Nekki.Events.EventDispatcher`1:CallEvent(Int32, T)
1785440470.307 10073  4360  4438 I Unity   : SFButton:OnClick(PointerEventData)
1785440470.307 10073  4360  4438 I Unity   : UnityEngine.EventSystems.ExecuteEvents:Execute(GameObject, BaseEventData, EventFunction`1)
1785440470.307 10073  4360  4438 I Unity   : UnityEngine.EventSystems.StandaloneInputModule:ProcessTouchPress(PointerEventData, Boolean, Boolean)
1785440470.307 10073  4360  4438 I Unity   : UnityEngine.EventSystems.StandaloneInputModule:ProcessTouchEvents()
1785440470.307 10073  4360  4438 I Unity   : UnityEngine.EventSystems.StandaloneInputMod
1785440470.310 10073  4360  4456 E Unity   : UnityWebRequest: unknownHostCallback with error=java.net.UnknownHostException: Unable to resolve host "time-server.nekkimobile.ru": No address associated with hostname url=https://time-server.nekkimobile.ru/time.json
1785440470.347 10073  4360  4438 I Unity   : action=CheckLedger
1785440470.347 10073  4360  4438 I Unity   : rand=1552086376
1785440470.347 10073  4360  4438 I Unity   : project=sf2
1785440470.347 10073  4360  4438 I Unity   : device=3d23e812-dba3-4451-9983-826477a4a0b0
1785440470.347 10073  4360  4438 I Unity   : UnityEngine.Logger:Log(LogType, Object)
1785440470.347 10073  4360  4438 I Unity   : Nekki.SF2.Core.Network.ServerProvider:CheckLedger(String, Action`3, DEKMBKOOBML)
1785440470.347 10073  4360  4438 I Unity   : DFHOMLKOOKJ:HMLLLANAKEK(DEKMBKOOBML)
1785440470.347 10073  4360  4438 I Unity   : KJLKAKNIOGG:DFOEJDOGCIB()
1785440470.347 10073  4360  4438 I Unity   : KJLKAKNIOGG:FMHAFLOMOPP(XmlNode)
1785440470.347 10073  4360  4438 I Unity   : KJLKAKNIOGG:NHAAIMDILON()
1785440470.347 10073  4360  4438 I Unity   : KJLKAKNIOGG:MAMAMFLBCLK(Boolean)
1785440470.347 10073  4360  4438 I Unity   : KJLKAKNIOGG:PODHBFLGLKL(Byte[], String, String)
1785440470.347 10073  4360  4438 I Unity   : System.Action`3:Invoke(T1, T2, T3)
1785440470.347 10073  4360  4438 I Unity   : Nekki.SF2.Core.Network.ServerProvider:DownloadFile(String, Action`3, Action`1, Int32)
1785440470.347 10073  4360  4438 I Unity   : KJLKAKNIOGG:FGAEKCIEEMF(String, Action`1, Int32, Int32)
1785440470.347 10073  4360  4438 I Unity   : MMENHGANENE:FGAEKCIEEMF(Action`1)
1785440470.347 10073  4360  4438 I Unity   : GBCJDIAMBJH:NGAKLGHBIKJ(HFEOJCDENDP)
1785440470.347 10073  4360  4438 I Unity   : Nekki.Events.EventDispatcher`1:CallEvent(Int32, T)
1785440470.347 10073  4360  4438 I Unity   : Nekki.SF2.GUI.Dialogs.BaseDialog:OnClose(Object)
1785440470.347 10073  4360  4438 I Unity   : Nekki.Events.EventDispatcher`1:CallEvent(Int32, T)
1785440470.347 10073  4360  4438 I Unity   : SFButton:OnClick(PointerEventData)
1785440470.347 10073  4360  4438 I Unity   : UnityEngine.EventSystems.ExecuteEvents:Execute(GameObject, BaseEventData, EventFunction`1)
1785440470.347 10073  4360  4438 I Unity   : UnityEngine.EventSystems.StandaloneInputModule:ProcessTouchPress(PointerEventData,
1785440470.351 10073  4360  4438 I Unity   : [BaseDialog] destroyed. ScrollDialog, header = dlgWarning
1785440470.351 10073  4360  4438 I Unity   : UnityEngine.Logger:Log(LogType, Object)
1785440470.351 10073  4360  4438 I Unity   : (Filename: ./Runtime/Export/Debug.bindings.h Line: 45)
1785440470.354 10073  4360  4438 E Unity   : Cannot resolve destination host
1785440470.354 10073  4360  4438 E Unity   : UnityEngine.Logger:Log(LogType, Object)
1785440470.354 10073  4360  4438 E Unity   : Nekki.Utils.GlobalTimer:OnServerTimeError(Object)
1785440470.354 10073  4360  4438 E Unity   : Nekki.SF2.Core.Network.<TimeSyncRoutine>d__76:MoveNext()
1785440470.354 10073  4360  4438 E Unity   : UnityEngine.SetupCoroutine:InvokeMoveNext(IEnumerator, IntPtr)
1785440470.354 10073  4360  4438 E Unity   : (Filename: ./Runtime/Export/Debug.bindings.h Line: 45)
1785440470.363 10073  4360  4438 I Unity   : SendUnityWebRequest: https://ledger.nekkimobile.ru/clist
1785440470.363 10073  4360  4438 I Unity   : UnityEngine.Logger:Log(LogType, Object)
1785440470.363 10073  4360  4438 I Unity   : Nekki.SF2.Core.Network.<SendUnityWebRequest>d__74:MoveNext()
1785440470.363 10073  4360  4438 I Unity   : Coroutine:MoveNext()
1785440470.363 10073  4360  4438 I Unity   : <CallWrapper>d__15:MoveNext()
1785440470.363 10073  4360  4438 I Unity   : UnityEngine.SetupCoroutine:InvokeMoveNext(IEnumerator, IntPtr)
1785440470.363 10073  4360  4438 I Unity   : (Filename: ./Runtime/Export/Debug.bindings.h Line: 45)
1785440470.367 10073  4360  4457 E Unity   : UnityWebRequest: errorCallback with error=java.net.UnknownHostException: Unable to resolve host "ledger.nekkimobile.ru": No address associated with hostname url=https://ledger.nekkimobile.ru/clist
1785440470.367 10073  4360  4457 E Unity   : java.net.UnknownHostException: Unable to resolve host "ledger.nekkimobile.ru": No address associated with hostname
1785440470.367 10073  4360  4457 E Unity   : (Filename:  Line: 474)
1785440470.369 10073  4360  4438 I Unity   : ServerProvider: server='https://ledger.nekkimobile.ru/clist', error='Unknown Error'
1785440470.369 10073  4360  4438 I Unity   : UnityEngine.Logger:Log(LogType, Object)
1785440470.369 10073  4360  4438 I Unity   : Nekki.SF2.Core.Network.<SendUnityWebRequest>d__74:MoveNext()
1785440470.369 10073  4360  4438 I Unity   : Coroutine:MoveNext()
1785440470.369 10073  4360  4438 I Unity   : <CallWrapper>d__15:MoveNext()
1785440470.369 10073  4360  4438 I Unity   : UnityEngine.SetupCoroutine:InvokeMoveNext(IEnumerator, IntPtr)
1785440470.369 10073  4360  4438 I Unity   : (Filename: ./Runtime/Export/Debug.bindings.h Line: 45)
1785440470.371 10073  4360  4438 I Unity   : LedgerManager.CheckHandler (Emulator)
1785440470.371 10073  4360  4438 I Unity   : Result fail!
1785440470.371 10073  4360  4438 I Unity   : Unknown Error
1785440470.371 10073  4360  4438 I Unity   : UnityEngine.Logger:Log(LogType, Object)
1785440470.371 10073  4360  4438 I Unity   : DFHOMLKOOKJ:DLKPMOFLIJK(Boolean, String, Object)
1785440470.371 10073  4360  4438 I Unity   : System.Action`3:Invoke(T1, T2, T3)
1785440470.371 10073  4360  4438 I Unity   : Nekki.SF2.Core.Network.<SendUnityWebRequest>d__74:MoveNext()
1785440470.371 10073  4360  4438 I Unity   : Coroutine:MoveNext()
1785440470.371 10073  4360  4438 I Unity   : <CallWrapper>d__15:MoveNext()
1785440470.371 10073  4360  4438 I Unity   : UnityEngine.SetupCoroutine:InvokeMoveNext(IEnumerator, IntPtr)
1785440470.371 10073  4360  4438 I Unity   : (Filename: ./Runtime/Export/Debug.bindings.h Line: 45)
1785440470.374 10073  4360  4438 I Unity   : Login sequence: NetworkController.LoadLogin()
1785440470.374 10073  4360  4438 I Unity   : UnityEngine.Logger:Log(LogType, Object)
1785440470.374 10073  4360  4438 I Unity   : MMENHGANENE:GGNEDJKPGCJ()
1785440470.374 10073  4360  4438 I Unity   : System.Action:Invoke()
1785440470.374 10073  4360  4438 I Unity   : DFHOMLKOOKJ:DLKPMOFLIJK(Boolean, String, Object)
1785440470.374 10073  4360  4438 I Unity   : System.Action`3:Invoke(T1, T2, T3)
1785440470.374 10073  4360  4438 I Unity   : Nekki.SF2.Core.Network.<SendUnityWebRequest>d__74:MoveNext()
1785440470.374 10073  4360  4438 I Unity   : Coroutine:MoveNext()
1785440470.374 10073  4360  4438 I Unity   : <CallWrapper>d__15:MoveNext()
1785440470.374 10073  4360  4438 I Unity   : UnityEngine.SetupCoroutine:InvokeMoveNext(IEnumerator, IntPtr)
1785440470.374 10073  4360  4438 I Unity   : (Filename: ./Runtime/Export/Debug.bindings.h Line: 45)
1785440470.415 10073  4360  4360 I UnityMain: type=1400 audit(0.0:1791): avc: denied { search } for name="asound" dev="proc" ino=4026532012 scontext=u:r:untrusted_app:s0:c73,c256,c512,c768 tcontext=u:object_r:proc_asound:s0 tclass=dir permissive=1
1785440470.525 10073  4360  4360 I UnityMain: type=1400 audit(0.0:1792): avc: denied { read } for name="drivers" dev="proc" ino=4026531852 scontext=u:r:untrusted_app:s0:c73,c256,c512,c768 tcontext=u:object_r:proc_tty_drivers:s0 tclass=file permissive=1
1785440470.553 10073  4360  4438 I Unity   : rand=216991090
1785440470.553 10073  4360  4438 I Unity   : action=user
1785440470.553 10073  4360  4438 I Unity   : account=
1785440470.553 10073  4360  4438 I Unity   : build_version=2.19.0
1785440470.553 10073  4360  4438 I Unity   : data_version=2.19.0.0
1785440470.553 10073  4360  4438 I Unity   : type=and_phone
1785440470.553 10073  4360  4438 I Unity   : publisher=and
1785440470.553 10073  4360  4438 I Unity   : os=Android OS 9 / API-28
1785440470.553 10073  4360  4438 I Unity   : imei=1e1703ddfa176360b6fa82bb953d0554
1785440470.553 10073  4360  4438 I Unity   : token=1e1703ddfa176360b6fa82bb953d0554
1785440470.553 10073  4360  4438 I Unity   : uniqueID=and_822b318de0b4d30c
1785440470.553 10073  4360  4438 I Unity   : oldUniqueID=and_18de0b4d30c822b3
1785440470.553 10073  4360  4438 I Unity   : device_id=3d23e812-dba3-4451-9983-826477a4a0b0
1785440470.553 10073  4360  4438 I Unity   : dev=samsung SM-N976N
1785440470.553 10073  4360  4438 I Unity   : lang=ru_RU
1785440470.553 10073  4360  4438 I Unity   : corecount=4
1785440470.553 10073  4360  4438 I Unity   : ram=4132438016
1785440470.553 10073  4360  4438 I Unity   : display_width=1600
1785440470.553 10073  4360  4438 I Unity   : display_height=900
1785440470.553 10073  4360  4438 I Unity   : gui_res=
1785440470.553 10073  4360  4438 I Unity   : loc_res=
1785440470.553 10073  4360  4438 I Unity   : fb_id=
1785440470.553 10073  4360  4438 I Unity   : bonus=9
1785440470.553 10073  4360  4438 I Unity   : level=1
1785440470.553 10073  4360  4438 I Unity   : exp=0
1785440470.553 10073  4360  4438 I Unity   : money=0
1785440470.553 10073  4360  4438 I Unity   : high_score=0
1785440470.553 10073  4360  4438 I Unity   : location_id=ZONE_1
1785440470.553 10073  4360  4438 I Unity   : UnityEngine.Logger:Log(LogType, Object)
1785440470.553 10073  4360  4438 I Unity   : Nekki.SF2.Core.Network.ServerProvider:Login(String, Action`1, Dictionary`2)
1785440470.553 10073  4360  4438 I Unity   : MMENHGANENE:GGNEDJKPGCJ()
1785440470.553 10073  4360  4438 I Unity   : System.Action:Invoke()
1785440470.553 10073  4360  4438 I Unity   : DFHOMLKOOKJ:DLKPMOFLIJK(Boolean, String, Object)
1785440470.553 10073  4360  4438 I Unity   : System.Action`3:Invoke(T1, T2, T3)
1785440470.553 10073  4360  4438 I Unity   : Nekki.SF2.Core.Network.<SendUnityWebRequest>d__74:MoveNext()
1785440470.553 10073  4360  4438 I Unity   : Coroutine:MoveNext()
1785440470.553 10073  4360  4438 I Unity   : <CallWrapper>d__15:MoveNext()
1785440470.553 10073  4360  4438 I Unity   : UnityEngine.SetupCoroutine:InvokeMoveNext(IEnumerator, IntPtr)
1785440470.553 10073  4360  4438 I Unity   : (Filename: ./Runtime/Export/Debug.bindings.h Line: 45)
1785440470.566 10073  4360  4438 I Unity   : SendUnityWebRequest: https://shadowfight.nekkimobile.ru/put.php
1785440470.566 10073  4360  4438 I Unity   : UnityEngine.Logger:Log(LogType, Object)
1785440470.566 10073  4360  4438 I Unity   : Nekki.SF2.Core.Network.<SendUnityWebRequest>d__74:MoveNext()
1785440470.566 10073  4360  4438 I Unity   : Coroutine:MoveNext()
1785440470.566 10073  4360  4438 I Unity   : <CallWrapper>d__15:MoveNext()
1785440470.566 10073  4360  4438 I Unity   : UnityEngine.SetupCoroutine:InvokeMoveNext(IEnumerator, IntPtr)
1785440470.566 10073  4360  4438 I Unity   : (Filename: ./Runtime/Export/Debug.bindings.h Line: 45)
1785440470.570 10073  4360  4458 E Unity   : UnityWebRequest: errorCallback with error=java.net.UnknownHostException: Unable to resolve host "shadowfight.nekkimobile.ru": No address associated with hostname url=https://shadowfight.nekkimobile.ru/put.php
1785440470.570 10073  4360  4458 E Unity   : java.net.UnknownHostException: Unable to resolve host "shadowfight.nekkimobile.ru": No address associated with hostname
1785440470.570 10073  4360  4458 E Unity   : (Filename:  Line: 474)
1785440470.584 10073  4360  4438 I Unity   : ServerProvider: server='https://shadowfight.nekkimobile.ru/put.php', error='Unknown Error'
1785440470.584 10073  4360  4438 I Unity   : UnityEngine.Logger:Log(LogType, Object)
1785440470.584 10073  4360  4438 I Unity   : Nekki.SF2.Core.Network.<SendUnityWebRequest>d__74:MoveNext()
1785440470.584 10073  4360  4438 I Unity   : Coroutine:MoveNext()
1785440470.584 10073  4360  4438 I Unity   : <CallWrapper>d__15:MoveNext()
1785440470.584 10073  4360  4438 I Unity   : UnityEngine.SetupCoroutine:InvokeMoveNext(IEnumerator, IntPtr)
1785440470.584 10073  4360  4438 I Unity   : (Filename: ./Runtime/Export/Debug.bindings.h Line: 45)
1785440470.586 10073  4360  4438 I Unity   : LoginResponse
1785440470.586 10073  4360  4438 I Unity   : Result fail!
1785440470.586 10073  4360  4438 I Unity   : Unknown Error
1785440470.586 10073  4360  4438 I Unity   : UnityEngine.Logger:Log(LogType, Object)
1785440470.586 10073  4360  4438 I Unity   : LOBHIJPJLCD:PPEGPCMNAKM(Boolean, String, Object)
1785440470.586 10073  4360  4438 I Unity   : System.Action`3:Invoke(T1, T2, T3)
1785440470.586 10073  4360  4438 I Unity   : Nekki.SF2.Core.Network.<SendUnityWebRequest>d__74:MoveNext()
1785440470.586 10073  4360  4438 I Unity   : Coroutine:MoveNext()
1785440470.586 10073  4360  4438 I Unity   : <CallWrapper>d__15:MoveNext()
1785440470.586 10073  4360  4438 I Unity   : UnityEngine.SetupCoroutine:InvokeMoveNext(IEnumerator, IntPtr)
1785440470.586 10073  4360  4438 I Unity   : (Filename: ./Runtime/Export/Debug.bindings.h Line: 45)
1785440470.595 10073  4360  4438 I Unity   : [Store_Android] Init
1785440470.595 10073  4360  4438 I Unity   : UnityEngine.Logger:Log(LogType, Object)
1785440470.595 10073  4360  4438 I Unity   : Nekki.Payment.Stores.Store_Android:.ctor(ProductDefinition[])
1785440470.595 10073  4360  4438 I Unity   : Nekki.Payment.PaymentController:Init(IPaymentDataIO, IPaymentVerificationSender, IPaymentActionSender, ProductDefinition[])
1785440470.595 10073  4360  4438 I Unity   : MLDCNACFDIK:OIPLBKIDCFM()
1785440470.595 10073  4360  4438 I Unity   : MMENHGANENE:PPEGPCMNAKM(FNOHMDBONOE)
1785440470.595 10073  4360  4438 I Unity   : LOBHIJPJLCD:PPEGPCMNAKM(Boolean, String, Object)
1785440470.595 10073  4360  4438 I Unity   : System.Action`3:Invoke(T1, T2, T3)
1785440470.595 10073  4360  4438 I Unity   : Nekki.SF2.Core.Network.<SendUnityWebRequest>d__74:MoveNext()
1785440470.595 10073  4360  4438 I Unity   : Coroutine:MoveNext()
1785440470.595 10073  4360  4438 I Unity   : <CallWrapper>d__15:MoveNext()
1785440470.595 10073  4360  4438 I Unity   : UnityEngine.SetupCoroutine:InvokeMoveNext(IEnumerator, IntPtr)
1785440470.595 10073  4360  4438 I Unity   : (Filename: ./Runtime/Export/Debug.bindings.h Line: 45)
1785440470.607 10073  4360  4438 I Unity   : UnityIAP Version: 2.3.0
1785440470.607 10073  4360  4438 I Unity   : UnityEngine.Logger:Log(Object)
1785440470.607 10073  4360  4438 I Unity   : UnityEngine.Purchasing.StandardPurchasingModule:Instance(AppStore)
1785440470.607 10073  4360  4438 I Unity   : Nekki.Payment.Stores.Store_Android:.ctor(ProductDefinition[])
1785440470.607 10073  4360  4438 I Unity   : Nekki.Payment.PaymentController:Init(IPaymentDataIO, IPaymentVerificationSender, IPaymentActionSender, ProductDefinition[])
1785440470.607 10073  4360  4438 I Unity   : MLDCNACFDIK:OIPLBKIDCFM()
1785440470.607 10073  4360  4438 I Unity   : MMENHGANENE:PPEGPCMNAKM(FNOHMDBONOE)
1785440470.607 10073  4360  4438 I Unity   : LOBHIJPJLCD:PPEGPCMNAKM(Boolean, String, Object)
1785440470.607 10073  4360  4438 I Unity   : System.Action`3:Invoke(T1, T2, T3)
1785440470.607 10073  4360  4438 I Unity   : Nekki.SF2.Core.Network.<SendUnityWebRequest>d__74:MoveNext()
1785440470.607 10073  4360  4438 I Unity   : Coroutine:MoveNext()
1785440470.607 10073  4360  4438 I Unity   : <CallWrapper>d__15:MoveNext()
1785440470.607 10073  4360  4438 I Unity   : UnityEngine.SetupCoroutine:InvokeMoveNext(IEnumerator, IntPtr)
1785440470.607 10073  4360  4438 I Unity   : (Filename: ./Runtime/Export/Debug.bindings.h Line: 45)
1785440470.630 10073  4360  4438 E Unity   : DumpController::DumpActionError error: Failed check dump, no connection
1785440470.630 10073  4360  4438 E Unity   : UnityEngine.Logger:Log(LogType, Object)
1785440470.630 10073  4360  4438 E Unity   : KKINMPJDFHB:BJPNILFCGBN(String)
1785440470.630 10073  4360  4438 E Unity   : MMENHGANENE:BFJCCFPONFM()
1785440470.630 10073  4360  4438 E Unity   : LOBHIJPJLCD:PPEGPCMNAKM(Boolean, String, Object)
1785440470.630 10073  4360  4438 E Unity   : System.Action`3:Invoke(T1, T2, T3)
1785440470.630 10073  4360  4438 E Unity   : Nekki.SF2.Core.Network.<SendUnityWebRequest>d__74:MoveNext()
1785440470.630 10073  4360  4438 E Unity   : Coroutine:MoveNext()
1785440470.630 10073  4360  4438 E Unity   : <CallWrapper>d__15:MoveNext()
1785440470.630 10073  4360  4438 E Unity   : UnityEngine.SetupCoroutine:InvokeMoveNext(IEnumerator, IntPtr)
1785440470.630 10073  4360  4438 E Unity   : (Filename: ./Runtime/Export/Debug.bindings.h Line: 45)
1785440470.634 10073  4360  4438 I Unity   : [Quests] added to stack: UpdateStart
1785440470.634 10073  4360  4438 I Unity   : UnityEngine.Logger:Log(LogType, Object)
1785440470.634 10073  4360  4438 I Unity   : Nekki.SF2.Core.Quests.QuestsManager:ILDLDDBKLHD(NKMMLFBKOEL)
1785440470.634 10073  4360  4438 I Unity   : Nekki.SF2.Core.Quests.QuestsManager:AddQuestToStack(NKMMLFBKOEL, Boolean)
1785440470.634 10073  4360  4438 I Unity   : Nekki.SF2.Core.Quests.QuestsManager:ScheduleQuests(ILPMDHHPBNJ)
1785440470.634 10073  4360  4438 I Unity   : Nekki.SF2.Core.Quests.QuestsManager:ScheduleAndRunQuests(ILPMDHHPBNJ)
1785440470.634 10073  4360  4438 I Unity   : MJLGHCCNCPF:FICIHMLHAPO()
1785440470.634 10073  4360  4438 I Unity   : MMENHGANENE:BFJCCFPONFM()
1785440470.634 10073  4360  4438 I Unity   : LOBHIJPJLCD:PPEGPCMNAKM(Boolean, String, Object)
1785440470.634 10073  4360  4438 I Unity   : System.Action`3:Invoke(T1, T2, T3)
1785440470.634 10073  4360  4438 I Unity   : Nekki.SF2.Core.Network.<SendUnityWebRequest>d__74:MoveNext()
1785440470.634 10073  4360  4438 I Unity   : Coroutine:MoveNext()
1785440470.634 10073  4360  4438 I Unity   : <CallWrapper>d__15:MoveNext()
1785440470.634 10073  4360  4438 I Unity   : UnityEngine.SetupCoroutine:InvokeMoveNext(IEnumerator, IntPtr)
1785440470.634 10073  4360  4438 I Unity   : (Filename: ./Runtime/Export/Debug.bindings.h Line: 45)
1785440470.639 10073  4360  4438 I Unity   : [Quests] added to stack: EclipseBattlesChecker
1785440470.639 10073  4360  4438 I Unity   : UnityEngine.Logger:Log(LogType, Object)
1785440470.639 10073  4360  4438 I Unity   : Nekki.SF2.Core.Quests.QuestsManager:ILDLDDBKLHD(NKMMLFBKOEL)
1785440470.639 10073  4360  4438 I Unity   : Nekki.SF2.Core.Quests.QuestsManager:AddQuestToStack(NKMMLFBKOEL, Boolean)
1785440470.639 10073  4360  4438 I Unity   : Nekki.SF2.Core.Quests.QuestsManager:ScheduleQuests(ILPMDHHPBNJ)
1785440470.639 10073  4360  4438 I Unity   : Nekki.SF2.Core.Quests.QuestsManager:ScheduleAndRunQuests(ILPMDHHPBNJ)
1785440470.639 10073  4360  4438 I Unity   : MJLGHCCNCPF:FICIHMLHAPO()
1785440470.639 10073  4360  4438 I Unity   : MMENHGANENE:BFJCCFPONFM()
1785440470.639 10073  4360  4438 I Unity   : LOBHIJPJLCD:PPEGPCMNAKM(Boolean, String, Object)
1785440470.639 10073  4360  4438 I Unity   : System.Action`3:Invoke(T1, T2, T3)
1785440470.639 10073  4360  4438 I Unity   : Nekki.SF2.Core.Network.<SendUnityWebRequest>d__74:MoveNext()
1785440470.639 10073  4360  4438 I Unity   : Coroutine:MoveNext()
1785440470.639 10073  4360  4438 I Unity   : <CallWrapper>d__15:MoveNext()
1785440470.639 10073  4360  4438 I Unity   : UnityEngine.SetupCoroutine:InvokeMoveNext(IEnumerator, IntPtr)
1785440470.639 10073  4360  4438 I Unity   : (Filename: ./Runtime/Export/Debug.bindings.h Line: 45)
1785440470.644 10073  4360  4438 I Unity   : [Quests] added to stack: ScriptsResumeOnStart
1785440470.644 10073  4360  4438 I Unity   : UnityEngine.Logger:Log(LogType, Object)
1785440470.644 10073  4360  4438 I Unity   : Nekki.SF2.Core.Quests.QuestsManager:ILDLDDBKLHD(NKMMLFBKOEL)
1785440470.644 10073  4360  4438 I Unity   : Nekki.SF2.Core.Quests.QuestsManager:AddQuestToStack(NKMMLFBKOEL, Boolean)
1785440470.644 10073  4360  4438 I Unity   : Nekki.SF2.Core.Quests.QuestsManager:ScheduleQuests(ILPMDHHPBNJ)
1785440470.644 10073  4360  4438 I Unity   : Nekki.SF2.Core.Quests.QuestsManager:ScheduleAndRunQuests(ILPMDHHPBNJ)
1785440470.644 10073  4360  4438 I Unity   : MJLGHCCNCPF:FICIHMLHAPO()
1785440470.644 10073  4360  4438 I Unity   : MMENHGANENE:BFJCCFPONFM()
1785440470.644 10073  4360  4438 I Unity   : LOBHIJPJLCD:PPEGPCMNAKM(Boolean, String, Object)
1785440470.644 10073  4360  4438 I Unity   : System.Action`3:Invoke(T1, T2, T3)
1785440470.644 10073  4360  4438 I Unity   : Nekki.SF2.Core.Network.<SendUnityWebRequest>d__74:MoveNext()
1785440470.644 10073  4360  4438 I Unity   : Coroutine:MoveNext()
1785440470.644 10073  4360  4438 I Unity   : <CallWrapper>d__15:MoveNext()
1785440470.644 10073  4360  4438 I Unity   : UnityEngine.SetupCoroutine:InvokeMoveNext(IEnumerator, IntPtr)
1785440470.644 10073  4360  4438 I Unity   : (Filename: ./Runtime/Export/Debug.bindings.h Line: 45)
1785440470.648 10073  4360  4438 I Unity   : [Quests] added to stack: UpgradesCleanup
1785440470.648 10073  4360  4438 I Unity   : UnityEngine.Logger:Log(LogType, Object)
1785440470.648 10073  4360  4438 I Unity   : Nekki.SF2.Core.Quests.QuestsManager:ILDLDDBKLHD(NKMMLFBKOEL)
1785440470.648 10073  4360  4438 I Unity   : Nekki.SF2.Core.Quests.QuestsManager:AddQuestToStack(NKMMLFBKOEL, Boolean)
1785440470.648 10073  4360  4438 I Unity   : Nekki.SF2.Core.Quests.QuestsManager:ScheduleQuests(ILPMDHHPBNJ)
1785440470.648 10073  4360  4438 I Unity   : Nekki.SF2.Core.Quests.QuestsManager:ScheduleAndRunQuests(ILPMDHHPBNJ)
1785440470.648 10073  4360  4438 I Unity   : MJLGHCCNCPF:FICIHMLHAPO()
1785440470.648 10073  4360  4438 I Unity   : MMENHGANENE:BFJCCFPONFM()
1785440470.648 10073  4360  4438 I Unity   : LOBHIJPJLCD:PPEGPCMNAKM(Boolean, String, Object)
1785440470.648 10073  4360  4438 I Unity   : System.Action`3:Invoke(T1, T2, T3)
1785440470.648 10073  4360  4438 I Unity   : Nekki.SF2.Core.Network.<SendUnityWebRequest>d__74:MoveNext()
1785440470.648 10073  4360  4438 I Unity   : Coroutine:MoveNext()
1785440470.648 10073  4360  4438 I Unity   : <CallWrapper>d__15:MoveNext()
1785440470.648 10073  4360  4438 I Unity   : UnityEngine.SetupCoroutine:InvokeMoveNext(IEnumerator, IntPtr)
1785440470.648 10073  4360  4438 I Unity   : (Filename: ./Runtime/Export/Debug.bindings.h Line: 45)
1785440470.651 10073  4360  4438 I Unity   : [Quests] added to stack: lang_SessionStartCheck
1785440470.651 10073  4360  4438 I Unity   : UnityEngine.Logger:Log(LogType, Object)
1785440470.651 10073  4360  4438 I Unity   : Nekki.SF2.Core.Quests.QuestsManager:ILDLDDBKLHD(NKMMLFBKOEL)
1785440470.651 10073  4360  4438 I Unity   : Nekki.SF2.Core.Quests.QuestsManager:AddQuestToStack(NKMMLFBKOEL, Boolean)
1785440470.651 10073  4360  4438 I Unity   : Nekki.SF2.Core.Quests.QuestsManager:ScheduleQuests(ILPMDHHPBNJ)
1785440470.651 10073  4360  4438 I Unity   : Nekki.SF2.Core.Quests.QuestsManager:ScheduleAndRunQuests(ILPMDHHPBNJ)
1785440470.651 10073  4360  4438 I Unity   : MJLGHCCNCPF:FICIHMLHAPO()
1785440470.651 10073  4360  4438 I Unity   : MMENHGANENE:BFJCCFPONFM()
1785440470.651 10073  4360  4438 I Unity   : LOBHIJPJLCD:PPEGPCMNAKM(Boolean, String, Object)
1785440470.651 10073  4360  4438 I Unity   : System.Action`3:Invoke(T1, T2, T3)
1785440470.651 10073  4360  4438 I Unity   : Nekki.SF2.Core.Network.<SendUnityWebRequest>d__74:MoveNext()
1785440470.651 10073  4360  4438 I Unity   : Coroutine:MoveNext()
1785440470.651 10073  4360  4438 I Unity   : <CallWrapper>d__15:MoveNext()
1785440470.651 10073  4360  4438 I Unity   : UnityEngine.SetupCoroutine:InvokeMoveNext(IEnumerator, IntPtr)
1785440470.651 10073  4360  4438 I Unity   : (Filename: ./Runtime/Export/Debug.bindings.h Line: 45)
1785440470.654 10073  4360  4438 I Unity   : Quest UpgradesCleanup started
1785440470.654 10073  4360  4438 I Unity   : UnityEngine.Logger:Log(LogType, Object)
1785440470.654 10073  4360  4438 I Unity   : NKMMLFBKOEL:JOJKAIJDNHL(HFEOJCDENDP, Boolean)
1785440470.654 10073  4360  4438 I Unity   : Nekki.SF2.Core.Quests.QuestsManager:BBFMMONCPJD()
1785440470.654 10073  4360  4438 I Unity   : Nekki.SF2.Core.Quests.QuestsManager:ScheduleAndRunQuests(ILPMDHHPBNJ)
1785440470.654 10073  4360  4438 I Unity   : MJLGHCCNCPF:FICIHMLHAPO()
1785440470.654 10073  4360  4438 I Unity   : MMENHGANENE:BFJCCFPONFM()
1785440470.654 10073  4360  4438 I Unity   : LOBHIJPJLCD:PPEGPCMNAKM(Boolean, String, Object)
1785440470.654 10073  4360  4438 I Unity   : System.Action`3:Invoke(T1, T2, T3)
1785440470.654 10073  4360  4438 I Unity   : Nekki.SF2.Core.Network.<SendUnityWebRequest>d__74:MoveNext()
1785440470.654 10073  4360  4438 I Unity   : Coroutine:MoveNext()
1785440470.654 10073  4360  4438 I Unity   : <CallWrapper>d__15:MoveNext()
1785440470.654 10073  4360  4438 I Unity   : UnityEngine.SetupCoroutine:InvokeMoveNext(IEnumerator, IntPtr)
1785440470.654 10073  4360  4438 I Unity   : (Filename: ./Runtime/Export/Debug.bindings.h Line: 45)
1785440470.656 10073  4360  4438 I Unity   : [QuestsManager] Running quest : [UpgradesCleanup]
1785440470.656 10073  4360  4438 I Unity   : UnityEngine.Logger:LogFormat(LogType, String, Object[])
1785440470.656 10073  4360  4438 I Unity   : UnityEngine.Debug:LogFormat(String, Object[])
1785440470.656 10073  4360  4438 I Unity   : Nekki.SF2.Core.Quests.QuestsManager:BBFMMONCPJD()
1785440470.656 10073  4360  4438 I Unity   : Nekki.SF2.Core.Quests.QuestsManager:ScheduleAndRunQuests(ILPMDHHPBNJ)
1785440470.656 10073  4360  4438 I Unity   : MJLGHCCNCPF:FICIHMLHAPO()
1785440470.656 10073  4360  4438 I Unity   : MMENHGANENE:BFJCCFPONFM()
1785440470.656 10073  4360  4438 I Unity   : LOBHIJPJLCD:PPEGPCMNAKM(Boolean, String, Object)
1785440470.656 10073  4360  4438 I Unity   : System.Action`3:Invoke(T1, T2, T3)
1785440470.656 10073  4360  4438 I Unity   : Nekki.SF2.Core.Network.<SendUnityWebRequest>d__74:MoveNext()
1785440470.656 10073  4360  4438 I Unity   : Coroutine:MoveNext()
1785440470.656 10073  4360  4438 I Unity   : <CallWrapper>d__15:MoveNext()
1785440470.656 10073  4360  4438 I Unity   : UnityEngine.SetupCoroutine:InvokeMoveNext(IEnumerator, IntPtr)
1785440470.656 10073  4360  4438 I Unity   : (Filename: ./Runtime/Export/Debug.bindings.h Line: 45)
1785440470.658 10073  4360  4438 I Unity   : GameUtils::StartSession QUEST_EVENT_SESSION quests run.
1785440470.658 10073  4360  4438 I Unity   : UnityEngine.Logger:Log(LogType, Object)
1785440470.658 10073  4360  4438 I Unity   : MMENHGANENE:BFJCCFPONFM()
1785440470.658 10073  4360  4438 I Unity   : LOBHIJPJLCD:PPEGPCMNAKM(Boolean, String, Object)
1785440470.658 10073  4360  4438 I Unity   : System.Action`3:Invoke(T1, T2, T3)
1785440470.658 10073  4360  4438 I Unity   : Nekki.SF2.Core.Network.<SendUnityWebRequest>d__74:MoveNext()
1785440470.658 10073  4360  4438 I Unity   : Coroutine:MoveNext()
1785440470.658 10073  4360  4438 I Unity   : <CallWrapper>d__15:MoveNext()
1785440470.658 10073  4360  4438 I Unity   : UnityEngine.SetupCoroutine:InvokeMoveNext(IEnumerator, IntPtr)
1785440470.658 10073  4360  4438 I Unity   : (Filename: ./Runtime/Export/Debug.bindings.h Line: 45)
1785440470.661 10073  4360  4438 I Unity   : Login sequence: NetworkController.LoginComplete
1785440470.661 10073  4360  4438 I Unity   : UnityEngine.Logger:Log(LogType, Object)
1785440470.661 10073  4360  4438 I Unity   : MMENHGANENE:LJGOFDOFFPD()
1785440470.661 10073  4360  4438 I Unity   : FODCPIANAPG:CINMJIPCLJC(Action)
1785440470.661 10073  4360  4438 I Unity   : FODCPIANAPG:CINMJIPCLJC(Action)
1785440470.661 10073  4360  4438 I Unity   : LOBHIJPJLCD:PPEGPCMNAKM(Boolean, String, Object)
1785440470.661 10073  4360  4438 I Unity   : System.Action`3:Invoke(T1, T2, T3)
1785440470.661 10073  4360  4438 I Unity   : Nekki.SF2.Core.Network.<SendUnityWebRequest>d__74:MoveNext()
1785440470.661 10073  4360  4438 I Unity   : Coroutine:MoveNext()
1785440470.661 10073  4360  4438 I Unity   : <CallWrapper>d__15:MoveNext()
1785440470.661 10073  4360  4438 I Unity   : UnityEngine.SetupCoroutine:InvokeMoveNext(IEnumerator, IntPtr)
1785440470.661 10073  4360  4438 I Unity   : (Filename: ./Runtime/Export/Debug.bindings.h Line: 45)
1785440470.664 10073  4360  4438 I Unity   : [PAJFCIMAPDI] Init
1785440470.664 10073  4360  4438 I Unity   : UnityEngine.Logger:Log(LogType, Object)
1785440470.664 10073  4360  4438 I Unity   : PAJFCIMAPDI:.ctor()
1785440470.664 10073  4360  4438 I Unity   : OPHPGCFEGNH:OIPLBKIDCFM()
1785440470.664 10073  4360  4438 I Unity   : MMENHGANENE:LJGOFDOFFPD()
1785440470.664 10073  4360  4438 I Unity   : FODCPIANAPG:CINMJIPCLJC(Action)
1785440470.664 10073  4360  4438 I Unity   : FODCPIANAPG:CINMJIPCLJC(Action)
1785440470.664 10073  4360  4438 I Unity   : LOBHIJPJLCD:PPEGPCMNAKM(Boolean, String, Object)
1785440470.664 10073  4360  4438 I Unity   : System.Action`3:Invoke(T1, T2, T3)
1785440470.664 10073  4360  4438 I Unity   : Nekki.SF2.Core.Network.<SendUnityWebRequest>d__74:MoveNext()
1785440470.664 10073  4360  4438 I Unity   : Coroutine:MoveNext()
1785440470.664 10073  4360  4438 I Unity   : <CallWrapper>d__15:MoveNext()
1785440470.664 10073  4360  4438 I Unity   : UnityEngine.SetupCoroutine:InvokeMoveNext(IEnumerator, IntPtr)
1785440470.664 10073  4360  4438 I Unity   : (Filename: ./Runtime/Export/Debug.bindings.h Line: 45)
1785440470.667 10073  4360  4438 V ironSourceSDK: API: E a - userId = sf2;Android;3d23e812-dba3-4451-9983-826477a4a0b0, isFromPublisher = true
1785440470.668 10073  4360  4438 V ironSourceSDK: INTERNAL: com.ironsource.mediationsdk.B Should Track Network State: true
1785440470.668 10073  4360  4438 V ironSourceSDK: INTERNAL: Y Should Track Network State: true
1785440470.669 10073  4360  4614 V ironSourceSDK: EVENT: b 1.run - {"eventId":52
1785440470.669 10073  4360  4614 V ironSourceSDK: EVENT: "timestamp":1785440470667
1785440470.669 10073  4360  4614 V ironSourceSDK: EVENT: "provider":"Mediation"
1785440470.669 10073  4360  4614 V ironSourceSDK: EVENT: "eventSessionId":"de0b9211-0ccf-44b1-a8ec-7f2c91090c87"}
1785440470.673 10073  4360  4438 I Unity   : IntegrationHelper pluginVersion: 7.1.12.2-r
1785440470.673 10073  4360  4438 I Unity   : UnityEngine.Logger:Log(LogType, Object)
1785440470.673 10073  4360  4438 I Unity   : HAIFOIGEKEH:MKCLDNCMKFE(String)
1785440470.673 10073  4360  4438 I Unity   : PAJFCIMAPDI:.ctor()
1785440470.673 10073  4360  4438 I Unity   : OPHPGCFEGNH:OIPLBKIDCFM()
1785440470.673 10073  4360  4438 I Unity   : MMENHGANENE:LJGOFDOFFPD()
1785440470.673 10073  4360  4438 I Unity   : FODCPIANAPG:CINMJIPCLJC(Action)
1785440470.673 10073  4360  4438 I Unity   : FODCPIANAPG:CINMJIPCLJC(Action)
1785440470.673 10073  4360  4438 I Unity   : LOBHIJPJLCD:PPEGPCMNAKM(Boolean, String, Object)
1785440470.673 10073  4360  4438 I Unity   : System.Action`3:Invoke(T1, T2, T3)
1785440470.673 10073  4360  4438 I Unity   : Nekki.SF2.Core.Network.<SendUnityWebRequest>d__74:MoveNext()
1785440470.673 10073  4360  4438 I Unity   : Coroutine:MoveNext()
1785440470.673 10073  4360  4438 I Unity   : <CallWrapper>d__15:MoveNext()
1785440470.673 10073  4360  4438 I Unity   : UnityEngine.SetupCoroutine:InvokeMoveNext(IEnumerator, IntPtr)
1785440470.673 10073  4360  4438 I Unity   : (Filename: ./Runtime/Export/Debug.bindings.h Line: 45)
1785440470.673 10073  4360  4438 V ironSourceSDK: INTERNAL: E a
1785440470.673 10073  4360  4438 I ironSourceSDK: API: init(appKey:b1a26875)
1785440470.675 10073  4360  4360 E kki.shadowfigh: Invalid ID 0x00000000.
1785440470.676 10073  4360  4438 W kki.shadowfigh: Unknown chunk type '200'.
1785440470.677 10073  4360  4438 I WebViewFactory: Loading com.google.android.webview version 138.0.7204.179 (code 720417907)
1785440470.677 10073  4360  4438 W kki.shadowfigh: Unknown chunk type '200'.
1785440470.694 10073  4360  4438 I kki.shadowfigh: Rejecting re-init on previously-failed class java.lang.Class<WV.AM>: java.lang.NoClassDefFoundError: Failed resolution of: Landroid/webkit/PacProcessor;
1785440470.694 10073  4360  4438 I kki.shadowfigh:   at java.lang.Class java.lang.Class.classForName(java.lang.String, boolean, java.lang.ClassLoader) (Class.java:-2)
1785440470.694 10073  4360  4438 I kki.shadowfigh:   at java.lang.Class java.lang.Class.forName(java.lang.String, boolean, java.lang.ClassLoader) (Class.java:453)
1785440470.694 10073  4360  4438 I kki.shadowfigh:   at java.lang.Class android.webkit.WebViewFactory.getWebViewProviderClass(java.lang.ClassLoader) (WebViewFactory.java:176)
1785440470.694 10073  4360  4438 I kki.shadowfigh:   at java.lang.Class android.webkit.WebViewFactory.getProviderClass() (WebViewFactory.java:460)
1785440470.694 10073  4360  4438 I kki.shadowfigh:   at android.webkit.WebViewFactoryProvider android.webkit.WebViewFactory.getProvider() (WebViewFactory.java:252)
1785440470.694 10073  4360  4438 I kki.shadowfigh:   at java.lang.String android.webkit.WebSettings.getDefaultUserAgent(android.content.Context) (WebSettings.java:1266)
1785440470.694 10073  4360  4438 I kki.shadowfigh:   at void com.ironsource.environment.h.q() ((null):-1)
1785440470.694 10073  4360  4438 I kki.shadowfigh:   at void com.ironsource.mediationsdk.E.a(android.content.Context, java.lang.String, boolean, com.ironsource.mediationsdk.sdk.f, com.ironsource.mediationsdk.IronSource$AD_UNIT[]) ((null):-1)
1785440470.694 10073  4360  4438 I kki.shadowfigh:   at void com.ironsource.mediationsdk.IronSource.init(android.app.Activity, java.lang.String, com.ironsource.mediationsdk.IronSource$AD_UNIT[]) ((null):-1)
1785440470.694 10073  4360  4438 I kki.shadowfigh:   at void com.ironsource.mediationsdk.IronSource.init(android.app.Activity, java.lang.String) ((null):-1)
1785440470.694 10073  4360  4438 I kki.shadowfigh:   at void com.ironsource.unity.androidbridge.AndroidBridge.init(java.lang.String) (AndroidBridge.java:171)
1785440470.694 10073  4360  4438 I kki.shadowfigh:   at boolean com.unity3d.player.UnityPlayer.nativeRender() ((null):-2)
1785440470.694 10073  4360  4438 I kki.shadowfigh:   at boolean com.unity3d.player.UnityPlayer.c(com.unity3d.player.UnityPlayer) ((null):-1)
1785440470.694 10073  4360  4438 I kki.shadowfigh:   at boolean com.unity3d.player.UnityPlayer$e$2.queueIdle() ((null):-1)
1785440470.694 10073  4360  4438 I kki.shadowfigh:   at android.os.Message android.os.MessageQueue.next() (MessageQueue.java:395)
1785440470.694 10073  4360  4438 I kki.shadowfigh:   at void android.os.Looper.loop() (Looper.java:160)
1785440470.694 10073  4360  4438 I kki.shadowfigh:   at void com.unity3d.player.UnityPlayer$e.run() ((null):-1)
1785440470.694 10073  4360  4438 I kki.shadowfigh: Caused by: java.lang.ClassNotFoundException: Didn't find class "android.webkit.PacProcessor" on path: DexPathList[[zip file "/data/app/com.google.android.webview-YirmztqNssdp72iJdodQjA==/base.apk"],nativeLibraryDirectories=[/data/app/com.google.android.webview-YirmztqNssdp72iJdodQjA==/lib/x86, /data/app/com.google.android.webview-YirmztqNssdp72iJdodQjA==/base.apk!/lib/x86, /system/lib, /system/vendor/lib]]
1785440470.694 10073  4360  4438 I kki.shadowfigh:   at java.lang.Class dalvik.system.BaseDexClassLoader.findClass(java.lang.String) (BaseDexClassLoader.java:134)
1785440470.694 10073  4360  4438 I kki.shadowfigh:   at java.lang.Class java.lang.ClassLoader.loadClass(java.lang.String, boolean) (ClassLoader.java:379)
1785440470.694 10073  4360  4438 I kki.shadowfigh:   at java.lang.Class java.lang.ClassLoader.loadClass(java.lang.String) (ClassLoader.java:312)
1785440470.694 10073  4360  4438 I kki.shadowfigh:   at java.lang.Class java.lang.Class.classForName(java.lang.String, boolean, java.lang.ClassLoader) (Class.java:-2)
1785440470.694 10073  4360  4438 I kki.shadowfigh:   at java.lang.Class java.lang.Class.forName(java.lang.String, boolean, java.lang.ClassLoader) (Class.java:453)
1785440470.694 10073  4360  4438 I kki.shadowfigh:   at java.lang.Class android.webkit.WebViewFactory.getWebViewProviderClass(java.lang.ClassLoader) (WebViewFactory.java:176)
1785440470.694 10073  4360  4438 I kki.shadowfigh:   at java.lang.Class android.webkit.WebViewFactory.getProviderClass() (WebViewFactory.java:460)
1785440470.694 10073  4360  4438 I kki.shadowfigh:   at android.webkit.WebViewFactoryProvider android.webkit.WebViewFactory.getProvider() (WebViewFactory.java:252)
1785440470.694 10073  4360  4438 I kki.shadowfigh:   at java.lang.String android.webkit.WebSettings.getDefaultUserAgent(android.content.Context) (WebSettings.java:1266)
1785440470.694 10073  4360  4438 I kki.shadowfigh:   at void com.ironsource.environment.h.q() ((null):-1)
1785440470.694 10073  4360  4438 I kki.shadowfigh:   at void com.ironsource.mediationsdk.E.a(android.content.Context, java.lang.String, boolean, com.ironsource.mediationsdk.sdk.f, com.ironsource.mediationsdk.IronSource$AD_UNIT[]) ((null):-1)
1785440470.694 10073  4360  4438 I kki.shadowfigh:   at void com.ironsource.mediationsdk.IronSource.init(android.app.Activity, java.lang.String, com.ironsource.mediationsdk.IronSource$AD_UNIT[]) ((null):-1)
1785440470.694 10073  4360  4438 I kki.shadowfigh:   at void com.ironsource.mediationsdk.IronSource.init(android.app.Activity, java.lang.String) ((null):-1)
1785440470.694 10073  4360  4438 I kki.shadowfigh:   at void com.ironsource.unity.androidbridge.AndroidBridge.init(java.lang.String) (AndroidBridge.java:171)
1785440470.694 10073  4360  4438 I kki.shadowfigh:   at boolean com.unity3d.player.UnityPlayer.nativeRender() ((null):-2)
1785440470.694 10073  4360  4438 I kki.shadowfigh:   at boolean com.unity3d.player.UnityPlayer.c(com.unity3d.player.UnityPlayer) ((null):-1)
1785440470.694 10073  4360  4438 I kki.shadowfigh:   at boolean com.unity3d.player.UnityPlayer$e$2.queueIdle() ((null):-1)
1785440470.694 10073  4360  4438 I kki.shadowfigh:   at android.os.Message android.os.MessageQueue.next() (MessageQueue.java:395)
1785440470.694 10073  4360  4438 I kki.shadowfigh:   at void android.os.Looper.loop() (Looper.java:160)
1785440470.694 10073  4360  4438 I kki.shadowfigh:   at void com.unity3d.player.UnityPlayer$e.run() ((null):-1)
1785440470.694 10073  4360  4438 I kki.shadowfigh: Rejecting re-init on previously-failed class java.lang.Class<WV.AM>: java.lang.NoClassDefFoundError: Failed resolution of: Landroid/webkit/PacProcessor;
1785440470.694 10073  4360  4438 I kki.shadowfigh:   at java.lang.Class java.lang.Class.classForName(java.lang.String, boolean, java.lang.ClassLoader) (Class.java:-2)
1785440470.694 10073  4360  4438 I kki.shadowfigh:   at java.lang.Class java.lang.Class.forName(java.lang.String, boolean, java.lang.ClassLoader) (Class.java:453)
1785440470.694 10073  4360  4438 I kki.shadowfigh:   at java.lang.Class android.webkit.WebViewFactory.getWebViewProviderClass(java.lang.ClassLoader) (WebViewFactory.java:176)
1785440470.694 10073  4360  4438 I kki.shadowfigh:   at java.lang.Class android.webkit.WebViewFactory.getProviderClass() (WebViewFactory.java:460)
1785440470.694 10073  4360  4438 I kki.shadowfigh:   at android.webkit.WebViewFactoryProvider android.webkit.WebViewFactory.getProvider() (WebViewFactory.java:252)
1785440470.694 10073  4360  4438 I kki.shadowfigh:   at java.lang.String android.webkit.WebSettings.getDefaultUserAgent(android.content.Context) (WebSettings.java:1266)
1785440470.694 10073  4360  4438 I kki.shadowfigh:   at void com.ironsource.environment.h.q() ((null):-1)
1785440470.694 10073  4360  4438 I kki.shadowfigh:   at void com.ironsource.mediationsdk.E.a(android.content.Context, java.lang.String, boolean, com.ironsource.mediationsdk.sdk.f, com.ironsource.mediationsdk.IronSource$AD_UNIT[]) ((null):-1)
1785440470.694 10073  4360  4438 I kki.shadowfigh:   at void com.ironsource.mediationsdk.IronSource.init(android.app.Activity, java.lang.String, com.ironsource.mediationsdk.IronSource$AD_UNIT[]) ((null):-1)
1785440470.694 10073  4360  4438 I kki.shadowfigh:   at void com.ironsource.mediationsdk.IronSource.init(android.app.Activity, java.lang.String) ((null):-1)
1785440470.694 10073  4360  4438 I kki.shadowfigh:   at void com.ironsource.unity.androidbridge.AndroidBridge.init(java.lang.String) (AndroidBridge.java:171)
1785440470.694 10073  4360  4438 I kki.shadowfigh:   at boolean com.unity3d.player.UnityPlayer.nativeRender() ((null):-2)
1785440470.694 10073  4360  4438 I kki.shadowfigh:   at boolean com.unity3d.player.UnityPlayer.c(com.unity3d.player.UnityPlayer) ((null):-1)
1785440470.694 10073  4360  4438 I kki.shadowfigh:   at boolean com.unity3d.player.UnityPlayer$e$2.queueIdle() ((null):-1)
1785440470.694 10073  4360  4438 I kki.shadowfigh:   at android.os.Message android.os.MessageQueue.next() (MessageQueue.java:395)
1785440470.694 10073  4360  4438 I kki.shadowfigh:   at void android.os.Looper.loop() (Looper.java:160)
1785440470.694 10073  4360  4438 I kki.shadowfigh:   at void com.unity3d.player.UnityPlayer$e.run() ((null):-1)
1785440470.694 10073  4360  4438 I kki.shadowfigh: Caused by: java.lang.ClassNotFoundException: Didn't find class "android.webkit.PacProcessor" on path: DexPathList[[zip file "/data/app/com.google.android.webview-YirmztqNssdp72iJdodQjA==/base.apk"],nativeLibraryDirectories=[/data/app/com.google.android.webview-YirmztqNssdp72iJdodQjA==/lib/x86, /data/app/com.google.android.webview-YirmztqNssdp72iJdodQjA==/base.apk!/lib/x86, /system/lib, /system/vendor/lib]]
1785440470.694 10073  4360  4438 I kki.shadowfigh:   at java.lang.Class dalvik.system.BaseDexClassLoader.findClass(java.lang.String) (BaseDexClassLoader.java:134)
1785440470.694 10073  4360  4438 I kki.shadowfigh:   at java.lang.Class java.lang.ClassLoader.loadClass(java.lang.String, boolean) (ClassLoader.java:379)
1785440470.694 10073  4360  4438 I kki.shadowfigh:   at java.lang.Class java.lang.ClassLoader.loadClass(java.lang.String) (ClassLoader.java:312)
1785440470.694 10073  4360  4438 I kki.shadowfigh:   at java.lang.Class java.lang.Class.classForName(java.lang.String, boolean, java.lang.ClassLoader) (Class.java:-2)
1785440470.694 10073  4360  4438 I kki.shadowfigh:   at java.lang.Class java.lang.Class.forName(java.lang.String, boolean, java.lang.ClassLoader) (Class.java:453)
1785440470.694 10073  4360  4438 I kki.shadowfigh:   at java.lang.Class android.webkit.WebViewFactory.getWebViewProviderClass(java.lang.ClassLoader) (WebViewFactory.java:176)
1785440470.694 10073  4360  4438 I kki.shadowfigh:   at java.lang.Class android.webkit.WebViewFactory.getProviderClass() (WebViewFactory.java:460)
1785440470.694 10073  4360  4438 I kki.shadowfigh:   at android.webkit.WebViewFactoryProvider android.webkit.WebViewFactory.getProvider() (WebViewFactory.java:252)
1785440470.694 10073  4360  4438 I kki.shadowfigh:   at java.lang.String android.webkit.WebSettings.getDefaultUserAgent(android.content.Context) (WebSettings.java:1266)
1785440470.694 10073  4360  4438 I kki.shadowfigh:   at void com.ironsource.environment.h.q() ((null):-1)
1785440470.694 10073  4360  4438 I kki.shadowfigh:   at void com.ironsource.mediationsdk.E.a(android.content.Context, java.lang.String, boolean, com.ironsource.mediationsdk.sdk.f, com.ironsource.mediationsdk.IronSource$AD_UNIT[]) ((null):-1)
1785440470.694 10073  4360  4438 I kki.shadowfigh:   at void com.ironsource.mediationsdk.IronSource.init(android.app.Activity, java.lang.String, com.ironsource.mediationsdk.IronSource$AD_UNIT[]) ((null):-1)
1785440470.694 10073  4360  4438 I kki.shadowfigh:   at void com.ironsource.mediationsdk.IronSource.init(android.app.Activity, java.lang.String) ((null):-1)
1785440470.694 10073  4360  4438 I kki.shadowfigh:   at void com.ironsource.unity.androidbridge.AndroidBridge.init(java.lang.String) (AndroidBridge.java:171)
1785440470.694 10073  4360  4438 I kki.shadowfigh:   at boolean com.unity3d.player.UnityPlayer.nativeRender() ((null):-2)
1785440470.694 10073  4360  4438 I kki.shadowfigh:   at boolean com.unity3d.player.UnityPlayer.c(com.unity3d.player.UnityPlayer) ((null):-1)
1785440470.694 10073  4360  4438 I kki.shadowfigh:   at boolean com.unity3d.player.UnityPlayer$e$2.queueIdle() ((null):-1)
1785440470.694 10073  4360  4438 I kki.shadowfigh:   at android.os.Message android.os.MessageQueue.next() (MessageQueue.java:395)
1785440470.694 10073  4360  4438 I kki.shadowfigh:   at void android.os.Looper.loop() (Looper.java:160)
1785440470.694 10073  4360  4438 I kki.shadowfigh:   at void com.unity3d.player.UnityPlayer$e.run() ((null):-1)
1785440470.695 10073  4360  4438 I kki.shadowfigh: Rejecting re-init on previously-failed class java.lang.Class<WV.AM>: java.lang.NoClassDefFoundError: Failed resolution of: Landroid/webkit/PacProcessor;
1785440470.695 10073  4360  4438 I kki.shadowfigh:   at java.lang.Class java.lang.Class.classForName(java.lang.String, boolean, java.lang.ClassLoader) (Class.java:-2)
1785440470.695 10073  4360  4438 I kki.shadowfigh:   at java.lang.Class java.lang.Class.forName(java.lang.String, boolean, java.lang.ClassLoader) (Class.java:453)
1785440470.695 10073  4360  4438 I kki.shadowfigh:   at java.lang.Class android.webkit.WebViewFactory.getWebViewProviderClass(java.lang.ClassLoader) (WebViewFactory.java:176)
1785440470.695 10073  4360  4438 I kki.shadowfigh:   at java.lang.Class android.webkit.WebViewFactory.getProviderClass() (WebViewFactory.java:460)
1785440470.695 10073  4360  4438 I kki.shadowfigh:   at android.webkit.WebViewFactoryProvider android.webkit.WebViewFactory.getProvider() (WebViewFactory.java:252)
1785440470.695 10073  4360  4438 I kki.shadowfigh:   at java.lang.String android.webkit.WebSettings.getDefaultUserAgent(android.content.Context) (WebSettings.java:1266)
1785440470.695 10073  4360  4438 I kki.shadowfigh:   at void com.ironsource.environment.h.q() ((null):-1)
1785440470.695 10073  4360  4438 I kki.shadowfigh:   at void com.ironsource.mediationsdk.E.a(android.content.Context, java.lang.String, boolean, com.ironsource.mediationsdk.sdk.f, com.ironsource.mediationsdk.IronSource$AD_UNIT[]) ((null):-1)
1785440470.695 10073  4360  4438 I kki.shadowfigh:   at void com.ironsource.mediationsdk.IronSource.init(android.app.Activity, java.lang.String, com.ironsource.mediationsdk.IronSource$AD_UNIT[]) ((null):-1)
1785440470.695 10073  4360  4438 I kki.shadowfigh:   at void com.ironsource.mediationsdk.IronSource.init(android.app.Activity, java.lang.String) ((null):-1)
1785440470.695 10073  4360  4438 I kki.shadowfigh:   at void com.ironsource.unity.androidbridge.AndroidBridge.init(java.lang.String) (AndroidBridge.java:171)
1785440470.695 10073  4360  4438 I kki.shadowfigh:   at boolean com.unity3d.player.UnityPlayer.nativeRender() ((null):-2)
1785440470.695 10073  4360  4438 I kki.shadowfigh:   at boolean com.unity3d.player.UnityPlayer.c(com.unity3d.player.UnityPlayer) ((null):-1)
1785440470.695 10073  4360  4438 I kki.shadowfigh:   at boolean com.unity3d.player.UnityPlayer$e$2.queueIdle() ((null):-1)
1785440470.695 10073  4360  4438 I kki.shadowfigh:   at android.os.Message android.os.MessageQueue.next() (MessageQueue.java:395)
1785440470.695 10073  4360  4438 I kki.shadowfigh:   at void android.os.Looper.loop() (Looper.java:160)
1785440470.695 10073  4360  4438 I kki.shadowfigh:   at void com.unity3d.player.UnityPlayer$e.run() ((null):-1)
1785440470.695 10073  4360  4438 I kki.shadowfigh: Caused by: java.lang.ClassNotFoundException: Didn't find class "android.webkit.PacProcessor" on path: DexPathList[[zip file "/data/app/com.google.android.webview-YirmztqNssdp72iJdodQjA==/base.apk"],nativeLibraryDirectories=[/data/app/com.google.android.webview-YirmztqNssdp72iJdodQjA==/lib/x86, /data/app/com.google.android.webview-YirmztqNssdp72iJdodQjA==/base.apk!/lib/x86, /system/lib, /system/vendor/lib]]
1785440470.695 10073  4360  4438 I kki.shadowfigh:   at java.lang.Class dalvik.system.BaseDexClassLoader.findClass(java.lang.String) (BaseDexClassLoader.java:134)
1785440470.695 10073  4360  4438 I kki.shadowfigh:   at java.lang.Class java.lang.ClassLoader.loadClass(java.lang.String, boolean) (ClassLoader.java:379)
1785440470.695 10073  4360  4438 I kki.shadowfigh:   at java.lang.Class java.lang.ClassLoader.loadClass(java.lang.String) (ClassLoader.java:312)
1785440470.695 10073  4360  4438 I kki.shadowfigh:   at java.lang.Class java.lang.Class.classForName(java.lang.String, boolean, java.lang.ClassLoader) (Class.java:-2)
1785440470.695 10073  4360  4438 I kki.shadowfigh:   at java.lang.Class java.lang.Class.forName(java.lang.String, boolean, java.lang.ClassLoader) (Class.java:453)
1785440470.695 10073  4360  4438 I kki.shadowfigh:   at java.lang.Class android.webkit.WebViewFactory.getWebViewProviderClass(java.lang.ClassLoader) (WebViewFactory.java:176)
1785440470.695 10073  4360  4438 I kki.shadowfigh:   at java.lang.Class android.webkit.WebViewFactory.getProviderClass() (WebViewFactory.java:460)
1785440470.695 10073  4360  4438 I kki.shadowfigh:   at android.webkit.WebViewFactoryProvider android.webkit.WebViewFactory.getProvider() (WebViewFactory.java:252)
1785440470.695 10073  4360  4438 I kki.shadowfigh:   at java.lang.String android.webkit.WebSettings.getDefaultUserAgent(android.content.Context) (WebSettings.java:1266)
1785440470.695 10073  4360  4438 I kki.shadowfigh:   at void com.ironsource.environment.h.q() ((null):-1)
1785440470.695 10073  4360  4438 I kki.shadowfigh:   at void com.ironsource.mediationsdk.E.a(android.content.Context, java.lang.String, boolean, com.ironsource.mediationsdk.sdk.f, com.ironsource.mediationsdk.IronSource$AD_UNIT[]) ((null):-1)
1785440470.695 10073  4360  4438 I kki.shadowfigh:   at void com.ironsource.mediationsdk.IronSource.init(android.app.Activity, java.lang.String, com.ironsource.mediationsdk.IronSource$AD_UNIT[]) ((null):-1)
1785440470.695 10073  4360  4438 I kki.shadowfigh:   at void com.ironsource.mediationsdk.IronSource.init(android.app.Activity, java.lang.String) ((null):-1)
1785440470.695 10073  4360  4438 I kki.shadowfigh:   at void com.ironsource.unity.androidbridge.AndroidBridge.init(java.lang.String) (AndroidBridge.java:171)
1785440470.695 10073  4360  4438 I kki.shadowfigh:   at boolean com.unity3d.player.UnityPlayer.nativeRender() ((null):-2)
1785440470.695 10073  4360  4438 I kki.shadowfigh:   at boolean com.unity3d.player.UnityPlayer.c(com.unity3d.player.UnityPlayer) ((null):-1)
1785440470.695 10073  4360  4438 I kki.shadowfigh:   at boolean com.unity3d.player.UnityPlayer$e$2.queueIdle() ((null):-1)
1785440470.695 10073  4360  4438 I kki.shadowfigh:   at android.os.Message android.os.MessageQueue.next() (MessageQueue.java:395)
1785440470.695 10073  4360  4438 I kki.shadowfigh:   at void android.os.Looper.loop() (Looper.java:160)
1785440470.695 10073  4360  4438 I kki.shadowfigh:   at void com.unity3d.player.UnityPlayer$e.run() ((null):-1)
1785440470.695 10073  4360  4438 I kki.shadowfigh: Rejecting re-init on previously-failed class java.lang.Class<WV.AM>: java.lang.NoClassDefFoundError: Failed resolution of: Landroid/webkit/PacProcessor;
1785440470.695 10073  4360  4438 I kki.shadowfigh:   at java.lang.Class java.lang.Class.classForName(java.lang.String, boolean, java.lang.ClassLoader) (Class.java:-2)
1785440470.695 10073  4360  4438 I kki.shadowfigh:   at java.lang.Class java.lang.Class.forName(java.lang.String, boolean, java.lang.ClassLoader) (Class.java:453)
1785440470.695 10073  4360  4438 I kki.shadowfigh:   at java.lang.Class android.webkit.WebViewFactory.getWebViewProviderClass(java.lang.ClassLoader) (WebViewFactory.java:176)
1785440470.695 10073  4360  4438 I kki.shadowfigh:   at java.lang.Class android.webkit.WebViewFactory.getProviderClass() (WebViewFactory.java:460)
1785440470.695 10073  4360  4438 I kki.shadowfigh:   at android.webkit.WebViewFactoryProvider android.webkit.WebViewFactory.getProvider() (WebViewFactory.java:252)
1785440470.695 10073  4360  4438 I kki.shadowfigh:   at java.lang.String android.webkit.WebSettings.getDefaultUserAgent(android.content.Context) (WebSettings.java:1266)
1785440470.695 10073  4360  4438 I kki.shadowfigh:   at void com.ironsource.environment.h.q() ((null):-1)
1785440470.695 10073  4360  4438 I kki.shadowfigh:   at void com.ironsource.mediationsdk.E.a(android.content.Context, java.lang.String, boolean, com.ironsource.mediationsdk.sdk.f, com.ironsource.mediationsdk.IronSource$AD_UNIT[]) ((null):-1)
1785440470.695 10073  4360  4438 I kki.shadowfigh:   at void com.ironsource.mediationsdk.IronSource.init(android.app.Activity, java.lang.String, com.ironsource.mediationsdk.IronSource$AD_UNIT[]) ((null):-1)
1785440470.695 10073  4360  4438 I kki.shadowfigh:   at void com.ironsource.mediationsdk.IronSource.init(android.app.Activity, java.lang.String) ((null):-1)
1785440470.695 10073  4360  4438 I kki.shadowfigh:   at void com.ironsource.unity.androidbridge.AndroidBridge.init(java.lang.String) (AndroidBridge.java:171)
1785440470.695 10073  4360  4438 I kki.shadowfigh:   at boolean com.unity3d.player.UnityPlayer.nativeRender() ((null):-2)
1785440470.695 10073  4360  4438 I kki.shadowfigh:   at boolean com.unity3d.player.UnityPlayer.c(com.unity3d.player.UnityPlayer) ((null):-1)
1785440470.695 10073  4360  4438 I kki.shadowfigh:   at boolean com.unity3d.player.UnityPlayer$e$2.queueIdle() ((null):-1)
1785440470.695 10073  4360  4438 I kki.shadowfigh:   at android.os.Message android.os.MessageQueue.next() (MessageQueue.java:395)
1785440470.695 10073  4360  4438 I kki.shadowfigh:   at void android.os.Looper.loop() (Looper.java:160)
1785440470.695 10073  4360  4438 I kki.shadowfigh:   at void com.unity3d.player.UnityPlayer$e.run() ((null):-1)
1785440470.695 10073  4360  4438 I kki.shadowfigh: Caused by: java.lang.ClassNotFoundException: Didn't find class "android.webkit.PacProcessor" on path: DexPathList[[zip file "/data/app/com.google.android.webview-YirmztqNssdp72iJdodQjA==/base.apk"],nativeLibraryDirectories=[/data/app/com.google.android.webview-YirmztqNssdp72iJdodQjA==/lib/x86, /data/app/com.google.android.webview-YirmztqNssdp72iJdodQjA==/base.apk!/lib/x86, /system/lib, /system/vendor/lib]]
1785440470.695 10073  4360  4438 I kki.shadowfigh:   at java.lang.Class dalvik.system.BaseDexClassLoader.findClass(java.lang.String) (BaseDexClassLoader.java:134)
1785440470.695 10073  4360  4438 I kki.shadowfigh:   at java.lang.Class java.lang.ClassLoader.loadClass(java.lang.String, boolean) (ClassLoader.java:379)
1785440470.695 10073  4360  4438 I kki.shadowfigh:   at java.lang.Class java.lang.ClassLoader.loadClass(java.lang.String) (ClassLoader.java:312)
1785440470.695 10073  4360  4438 I kki.shadowfigh:   at java.lang.Class java.lang.Class.classForName(java.lang.String, boolean, java.lang.ClassLoader) (Class.java:-2)
1785440470.695 10073  4360  4438 I kki.shadowfigh:   at java.lang.Class java.lang.Class.forName(java.lang.String, boolean, java.lang.ClassLoader) (Class.java:453)
1785440470.695 10073  4360  4438 I kki.shadowfigh:   at java.lang.Class android.webkit.WebViewFactory.getWebViewProviderClass(java.lang.ClassLoader) (WebViewFactory.java:176)
1785440470.695 10073  4360  4438 I kki.shadowfigh:   at java.lang.Class android.webkit.WebViewFactory.getProviderClass() (WebViewFactory.java:460)
1785440470.695 10073  4360  4438 I kki.shadowfigh:   at android.webkit.WebViewFactoryProvider android.webkit.WebViewFactory.getProvider() (WebViewFactory.java:252)
1785440470.695 10073  4360  4438 I kki.shadowfigh:   at java.lang.String android.webkit.WebSettings.getDefaultUserAgent(android.content.Context) (WebSettings.java:1266)
1785440470.695 10073  4360  4438 I kki.shadowfigh:   at void com.ironsource.environment.h.q() ((null):-1)
1785440470.695 10073  4360  4438 I kki.shadowfigh:   at void com.ironsource.mediationsdk.E.a(android.content.Context, java.lang.String, boolean, com.ironsource.mediationsdk.sdk.f, com.ironsource.mediationsdk.IronSource$AD_UNIT[]) ((null):-1)
1785440470.695 10073  4360  4438 I kki.shadowfigh:   at void com.ironsource.mediationsdk.IronSource.init(android.app.Activity, java.lang.String, com.ironsource.mediationsdk.IronSource$AD_UNIT[]) ((null):-1)
1785440470.695 10073  4360  4438 I kki.shadowfigh:   at void com.ironsource.mediationsdk.IronSource.init(android.app.Activity, java.lang.String) ((null):-1)
1785440470.695 10073  4360  4438 I kki.shadowfigh:   at void com.ironsource.unity.androidbridge.AndroidBridge.init(java.lang.String) (AndroidBridge.java:171)
1785440470.695 10073  4360  4438 I kki.shadowfigh:   at boolean com.unity3d.player.UnityPlayer.nativeRender() ((null):-2)
1785440470.695 10073  4360  4438 I kki.shadowfigh:   at boolean com.unity3d.player.UnityPlayer.c(com.unity3d.player.UnityPlayer) ((null):-1)
1785440470.695 10073  4360  4438 I kki.shadowfigh:   at boolean com.unity3d.player.UnityPlayer$e$2.queueIdle() ((null):-1)
1785440470.695 10073  4360  4438 I kki.shadowfigh:   at android.os.Message android.os.MessageQueue.next() (MessageQueue.java:395)
1785440470.695 10073  4360  4438 I kki.shadowfigh:   at void android.os.Looper.loop() (Looper.java:160)
1785440470.695 10073  4360  4438 I kki.shadowfigh:   at void com.unity3d.player.UnityPlayer$e.run() ((null):-1)
1785440470.701 10073  4360  4625 E kki.shadowfigh: Invalid ID 0x00000000.
1785440470.702 10073  4360  4438 I cr_WVCFactoryProvider: version=138.0.7204.179 (720417907) minSdkVersion=26 isBundle=false multiprocess=true packageId=2
1785440470.706 10073  4360  4628 E chromium: [0731/024110.706043:ERROR:android_webview/browser/variations/variations_seed_loader.cc:39] Seed missing signature.
1785440470.706 10073  4360  4628 I chromium: [0731/024110.706123:INFO:android_webview/browser/variations/variations_seed_loader.cc:67] Failed to open file for reading.: No such file or directory (2)
1785440470.707 10073  4360  4360 I cr_LibraryLoader: Successfully loaded native library
1785440470.707 10073  4360  4360 I cr_CachingUmaRecorder: Flushed 7 samples from 7 histograms, 0 samples were dropped.
1785440470.708 10073  4360  4360 I cr_CombinedPProvider: #registerProvider() provider:WV.u9@76b6453 isPolicyCacheEnabled:false policyProvidersSize:0
1785440470.708 10073  4360  4360 I cr_PolicyProvider: #setManagerAndSource() 0
1785440470.721 10073  4360  4360 I cr_CombinedPProvider: #linkNativeInternal() 1
1785440470.722 10073  4360  4360 I cr_AppResProvider: #getApplicationRestrictionsFromUserManager() Bundle[EMPTY_PARCEL]
1785440470.722 10073  4360  4360 I cr_PolicyProvider: #notifySettingsAvailable() 0
1785440470.722 10073  4360  4360 I cr_CombinedPProvider: #onSettingsAvailable() 0
1785440470.722 10073  4360  4360 I cr_CombinedPProvider: #flushPolicies()
1785440463.137 10073  4360  4438 I chatty  : uid=10073(com.nekki.shadowfight) UnityMain identical 14 lines
1785440463.137 10073  4360  4438 E SchedPolicy: set_timerslack_ns write failed: Operation not permitted
1785440470.746 10073  4360  4646 W chromium: [WARNING:net/dns/dns_config_service_android.cc:69] Failed to read DnsConfig.
1785440470.748 10073  4360  4360 W chromium: [WARNING:android_webview/browser/network_service/net_helpers.cc:143] HTTP Cache size is: 20971520
1785440470.764 10073  4360  4602 W BillingClient: getSkuDetails() failed. Response code: 2
1785440470.771 10073  4360  4670 I CameraManagerGlobal: Connecting to camera service
1785440470.782 10073  4360  4614 V ironSourceSDK: EVENT: b 1.run - {"eventId":14
1785440470.782 10073  4360  4614 V ironSourceSDK: EVENT: "timestamp":1785440470781
1785440470.782 10073  4360  4614 V ironSourceSDK: EVENT: "provider":"Mediation"
1785440470.782 10073  4360  4614 V ironSourceSDK: EVENT: "ext1":"appLanguage=Kotlin
1785440470.782 10073  4360  4614 V ironSourceSDK: EVENT: kiag
1785440470.782 10073  4360  4614 V ironSourceSDK: EVENT: androidx=true"
1785440470.782 10073  4360  4614 V ironSourceSDK: EVENT: "sessionDepth":1
1785440470.782 10073  4360  4614 V ironSourceSDK: EVENT: "eventSessionId":"de0b9211-0ccf-44b1-a8ec-7f2c91090c87"
1785440470.782 10073  4360  4614 V ironSourceSDK: EVENT: "connectionType":"none"
1785440470.782 10073  4360  4614 V ironSourceSDK: EVENT: "firstSessionTimestamp":1785439322940}
1785440470.784 10073  4360  4438 V ironSourceSDK: INTERNAL: setInitStatus(old status: NOT_INIT, new status: INIT_IN_PROGRESS)
1785440470.796 10073  4360  4438 I Unity   : [PAJFCIMAPDI] CacheAll
1785440470.796 10073  4360  4438 I Unity   : UnityEngine.Logger:Log(LogType, Object)
1785440470.796 10073  4360  4438 I Unity   : OPHPGCFEGNH:MJCLPPMADME()
1785440470.796 10073  4360  4438 I Unity   : PAJFCIMAPDI:.ctor()
1785440470.796 10073  4360  4438 I Unity   : OPHPGCFEGNH:OIPLBKIDCFM()
1785440470.796 10073  4360  4438 I Unity   : MMENHGANENE:LJGOFDOFFPD()
1785440470.796 10073  4360  4438 I Unity   : FODCPIANAPG:CINMJIPCLJC(Action)
1785440470.796 10073  4360  4438 I Unity   : FODCPIANAPG:CINMJIPCLJC(Action)
1785440470.796 10073  4360  4438 I Unity   : LOBHIJPJLCD:PPEGPCMNAKM(Boolean, String, Object)
1785440470.796 10073  4360  4438 I Unity   : System.Action`3:Invoke(T1, T2, T3)
1785440470.796 10073  4360  4438 I Unity   : Nekki.SF2.Core.Network.<SendUnityWebRequest>d__74:MoveNext()
1785440470.796 10073  4360  4438 I Unity   : Coroutine:MoveNext()
1785440470.796 10073  4360  4438 I Unity   : <CallWrapper>d__15:MoveNext()
1785440470.796 10073  4360  4438 I Unity   : UnityEngine.SetupCoroutine:InvokeMoveNext(IEnumerator, IntPtr)
1785440470.796 10073  4360  4438 I Unity   : (Filename: ./Runtime/Export/Debug.bindings.h Line: 45)
1785440470.798 10073  4360  4438 I ironSourceSDK: API: isInterstitialReady():false
1785440470.801 10073  4360  4674 V ironSourceSDK: EVENT: b 1.run - {"eventId":2102
1785440470.801 10073  4360  4674 V ironSourceSDK: EVENT: "timestamp":1785440470797
1785440470.801 10073  4360  4674 V ironSourceSDK: EVENT: "provider":"Mediation"
1785440470.801 10073  4360  4674 V ironSourceSDK: EVENT: "eventSessionId":"de0b9211-0ccf-44b1-a8ec-7f2c91090c87"
1785440470.801 10073  4360  4674 V ironSourceSDK: EVENT: "connectionType":"none"
1785440470.801 10073  4360  4674 V ironSourceSDK: EVENT: "adUnit":2
1785440470.801 10073  4360  4674 V ironSourceSDK: EVENT: "sessionDepth":1
1785440470.801 10073  4360  4674 V ironSourceSDK: EVENT: "firstSessionTimestamp":1785439322940}
1785440470.805 10073  4360  4438 I Unity   : [PAJFCIMAPDI] Cache Ad='Interstitial/GJENBBLFMJC'
1785440470.805 10073  4360  4438 I Unity   : UnityEngine.Logger:Log(LogType, Object)
1785440470.805 10073  4360  4438 I Unity   : OPHPGCFEGNH:MJCLPPMADME()
1785440470.805 10073  4360  4438 I Unity   : PAJFCIMAPDI:.ctor()
1785440470.805 10073  4360  4438 I Unity   : OPHPGCFEGNH:OIPLBKIDCFM()
1785440470.805 10073  4360  4438 I Unity   : MMENHGANENE:LJGOFDOFFPD()
1785440470.805 10073  4360  4438 I Unity   : FODCPIANAPG:CINMJIPCLJC(Action)
1785440470.805 10073  4360  4438 I Unity   : FODCPIANAPG:CINMJIPCLJC(Action)
1785440470.805 10073  4360  4438 I Unity   : LOBHIJPJLCD:PPEGPCMNAKM(Boolean, String, Object)
1785440470.805 10073  4360  4438 I Unity   : System.Action`3:Invoke(T1, T2, T3)
1785440470.805 10073  4360  4438 I Unity   : Nekki.SF2.Core.Network.<SendUnityWebRequest>d__74:MoveNext()
1785440470.805 10073  4360  4438 I Unity   : Coroutine:MoveNext()
1785440470.805 10073  4360  4438 I Unity   : <CallWrapper>d__15:MoveNext()
1785440470.805 10073  4360  4438 I Unity   : UnityEngine.SetupCoroutine:InvokeMoveNext(IEnumerator, IntPtr)
1785440470.805 10073  4360  4438 I Unity   : (Filename: ./Runtime/Export/Debug.bindings.h Line: 45)
1785440470.805 10073  4360  4360 W Settings: Setting airplane_mode_on has moved from android.provider.Settings.System to android.provider.Settings.Global, returning read-only value.
1785440470.805 10073  4360  4673 I ironSourceSDK: INTERNAL: h a - collecting data for events: {isLimitAdTrackingEnabled=false, appVersion=2.19.0, mobileCarrier=Mobile TeleSystems, tz=Asia/Bangkok, icc=RU, advertisingId=c3623c50-daf7-4a4d-89d5-9429e835c0ee, language=ru, battery=97, mcc=250, connectionType=none, internalFreeMemory=116195, osVersion=28(9), appKey=b1a26875, firstSession=true, deviceOEM=samsung, auid=b7706230-42fc-406e-9679-918e22168b93, pluginType=Unity, plugin_fw_v=2018.4.25f1, mnc=1, deviceOS=Android, bundleId=com.nekki.shadowfight, sessionId=de0b9211-0ccf-44b1-a8ec-7f2c91090c87, externalFreeMemory=116195, pluginVersion=7.1.12.2-r, advertisingIdType=GAID, jb=true, sdkVersion=7.1.12.2, deviceModel=SM-N976N, gmtMinutesOffset=420}
1785440470.806 10073  4360  4438 I ironSourceSDK: API: loadInterstitial()
1785440470.807 10073  4360  4438 I ironSourceSDK: API: isInterstitialReady():false
1785440470.810 10073  4360  4674 V ironSourceSDK: EVENT: b 1.run - {"eventId":2102
1785440470.810 10073  4360  4674 V ironSourceSDK: EVENT: "timestamp":1785440470807
1785440470.810 10073  4360  4674 V ironSourceSDK: EVENT: "provider":"Mediation"
1785440470.810 10073  4360  4674 V ironSourceSDK: EVENT: "eventSessionId":"de0b9211-0ccf-44b1-a8ec-7f2c91090c87"
1785440470.810 10073  4360  4674 V ironSourceSDK: EVENT: "connectionType":"none"
1785440470.810 10073  4360  4674 V ironSourceSDK: EVENT: "adUnit":2
1785440470.810 10073  4360  4674 V ironSourceSDK: EVENT: "sessionDepth":1
1785440470.810 10073  4360  4674 V ironSourceSDK: EVENT: "firstSessionTimestamp":1785439322940}
1785440470.820 10073  4360  4438 I Unity   : [Quests] added to stack: UpgradesCleanup
1785440470.820 10073  4360  4438 I Unity   : UnityEngine.Logger:Log(LogType, Object)
1785440470.820 10073  4360  4438 I Unity   : Nekki.SF2.Core.Quests.QuestsManager:ILDLDDBKLHD(NKMMLFBKOEL)
1785440470.820 10073  4360  4438 I Unity   : Nekki.SF2.Core.Quests.QuestsManager:AddQuestToStack(NKMMLFBKOEL, Boolean)
1785440470.820 10073  4360  4438 I Unity   : Nekki.SF2.Core.Quests.QuestsManager:ScheduleQuests(ILPMDHHPBNJ)
1785440470.820 10073  4360  4438 I Unity   : Nekki.SF2.Core.Quests.QuestsManager:ScheduleAndRunQuests(ILPMDHHPBNJ)
1785440470.820 10073  4360  4438 I Unity   : MJLGHCCNCPF:FICIHMLHAPO()
1785440470.820 10073  4360  4438 I Unity   : MMENHGANENE:LJGOFDOFFPD()
1785440470.820 10073  4360  4438 I Unity   : FODCPIANAPG:CINMJIPCLJC(Action)
1785440470.820 10073  4360  4438 I Unity   : FODCPIANAPG:CINMJIPCLJC(Action)
1785440470.820 10073  4360  4438 I Unity   : LOBHIJPJLCD:PPEGPCMNAKM(Boolean, String, Object)
1785440470.820 10073  4360  4438 I Unity   : System.Action`3:Invoke(T1, T2, T3)
1785440470.820 10073  4360  4438 I Unity   : Nekki.SF2.Core.Network.<SendUnityWebRequest>d__74:MoveNext()
1785440470.820 10073  4360  4438 I Unity   : Coroutine:MoveNext()
1785440470.820 10073  4360  4438 I Unity   : <CallWrapper>d__15:MoveNext()
1785440470.820 10073  4360  4438 I Unity   : UnityEngine.SetupCoroutine:InvokeMoveNext(IEnumerator, IntPtr)
1785440470.820 10073  4360  4438 I Unity   : (Filename: ./Runtime/Export/Debug.bindings.h Line: 45)
1785440470.823 10073  4360  4438 I Unity   : GameUtils::StartSession QUEST_EVENT_SESSION quests run.
1785440470.823 10073  4360  4438 I Unity   : UnityEngine.Logger:Log(LogType, Object)
1785440470.823 10073  4360  4438 I Unity   : MMENHGANENE:LJGOFDOFFPD()
1785440470.823 10073  4360  4438 I Unity   : FODCPIANAPG:CINMJIPCLJC(Action)
1785440470.823 10073  4360  4438 I Unity   : FODCPIANAPG:CINMJIPCLJC(Action)
1785440470.823 10073  4360  4438 I Unity   : LOBHIJPJLCD:PPEGPCMNAKM(Boolean, String, Object)
1785440470.823 10073  4360  4438 I Unity   : System.Action`3:Invoke(T1, T2, T3)
1785440470.823 10073  4360  4438 I Unity   : Nekki.SF2.Core.Network.<SendUnityWebRequest>d__74:MoveNext()
1785440470.823 10073  4360  4438 I Unity   : Coroutine:MoveNext()
1785440470.823 10073  4360  4438 I Unity   : <CallWrapper>d__15:MoveNext()
1785440470.823 10073  4360  4438 I Unity   : UnityEngine.SetupCoroutine:InvokeMoveNext(IEnumerator, IntPtr)
1785440470.823 10073  4360  4438 I Unity   : (Filename: ./Runtime/Export/Debug.bindings.h Line: 45)
1785440470.828 10073  4360  4438 I Unity   : Quest UpgradesCleanup started
1785440470.828 10073  4360  4438 I Unity   : UnityEngine.Logger:Log(LogType, Object)
1785440470.828 10073  4360  4438 I Unity   : NKMMLFBKOEL:JOJKAIJDNHL(HFEOJCDENDP, Boolean)
1785440470.828 10073  4360  4438 I Unity   : Nekki.SF2.Core.Quests.QuestsManager:BBFMMONCPJD()
1785440470.828 10073  4360  4438 I Unity   : (Filename: ./Runtime/Export/Debug.bindings.h Line: 45)
1785440470.829 10073  4360  4438 I Unity   : [QuestsManager] Running quest : [UpgradesCleanup]
1785440470.829 10073  4360  4438 I Unity   : UnityEngine.Logger:LogFormat(LogType, String, Object[])
1785440470.829 10073  4360  4438 I Unity   : UnityEngine.Debug:LogFormat(String, Object[])
1785440470.829 10073  4360  4438 I Unity   : Nekki.SF2.Core.Quests.QuestsManager:BBFMMONCPJD()
1785440470.829 10073  4360  4438 I Unity   : (Filename: ./Runtime/Export/Debug.bindings.h Line: 45)
1785440470.830 10073  4360  4438 W Unity   : Unavailable product com.nekki.shadowfight.gemspack1-com.nekki.shadowfight.gemspack1
1785440470.830 10073  4360  4438 W Unity   : UnityEngine.Logger:LogFormat(LogType, String, Object[])
1785440470.830 10073  4360  4438 W Unity   : UnityEngine.Purchasing.PurchasingManager:HasAvailableProductsToPurchase(Boolean)
1785440470.830 10073  4360  4438 W Unity   : UnityEngine.Purchasing.PurchasingManager:CheckForInitialization()
1785440470.830 10073  4360  4438 W Unity   : UnityEngine.Purchasing.PurchasingManager:OnProductsRetrieved(List`1)
1785440470.830 10073  4360  4438 W Unity   : UnityEngine.Purchasing.Extension.UnityUtil:Update()
1785440470.830 10073  4360  4438 W Unity   : (Filename: ./Runtime/Export/Debug.bindings.h Line: 45)
1785440470.831 10073  4360  4438 W Unity   : Unavailable product com.nekki.shadowfight.gemspack2-com.nekki.shadowfight.gemspack2
1785440470.831 10073  4360  4438 W Unity   : UnityEngine.Logger:LogFormat(LogType, String, Object[])
1785440470.831 10073  4360  4438 W Unity   : UnityEngine.Purchasing.PurchasingManager:HasAvailableProductsToPurchase(Boolean)
1785440470.831 10073  4360  4438 W Unity   : UnityEngine.Purchasing.PurchasingManager:CheckForInitialization()
1785440470.831 10073  4360  4438 W Unity   : UnityEngine.Purchasing.PurchasingManager:OnProductsRetrieved(List`1)
1785440470.831 10073  4360  4438 W Unity   : UnityEngine.Purchasing.Extension.UnityUtil:Update()
1785440470.831 10073  4360  4438 W Unity   : (Filename: ./Runtime/Export/Debug.bindings.h Line: 45)
1785440470.833 10073  4360  4438 W Unity   : Unavailable product com.nekki.shadowfight.gemspack4-com.nekki.shadowfight.gemspack4
1785440470.833 10073  4360  4438 W Unity   : UnityEngine.Logger:LogFormat(LogType, String, Object[])
1785440470.833 10073  4360  4438 W Unity   : UnityEngine.Purchasing.PurchasingManager:HasAvailableProductsToPurchase(Boolean)
1785440470.833 10073  4360  4438 W Unity   : UnityEngine.Purchasing.PurchasingManager:CheckForInitialization()
1785440470.833 10073  4360  4438 W Unity   : UnityEngine.Purchasing.PurchasingManager:OnProductsRetrieved(List`1)
1785440470.833 10073  4360  4438 W Unity   : UnityEngine.Purchasing.Extension.UnityUtil:Update()
1785440470.833 10073  4360  4438 W Unity   : (Filename: ./Runtime/Export/Debug.bindings.h Line: 45)
1785440470.837 10073  4360  4438 W Unity   : Unavailable product com.nekki.shadowfight.gemspack3-com.nekki.shadowfight.gemspack3
1785440470.837 10073  4360  4438 W Unity   : UnityEngine.Logger:LogFormat(LogType, String, Object[])
1785440470.837 10073  4360  4438 W Unity   : UnityEngine.Purchasing.PurchasingManager:HasAvailableProductsToPurchase(Boolean)
1785440470.837 10073  4360  4438 W Unity   : UnityEngine.Purchasing.PurchasingManager:CheckForInitialization()
1785440470.837 10073  4360  4438 W Unity   : UnityEngine.Purchasing.PurchasingManager:OnProductsRetrieved(List`1)
1785440470.837 10073  4360  4438 W Unity   : UnityEngine.Purchasing.Extension.UnityUtil:Update()
1785440470.837 10073  4360  4438 W Unity   : (Filename: ./Runtime/Export/Debug.bindings.h Line: 45)
1785440470.841 10073  4360  4438 W Unity   : Unavailable product com.nekki.shadowfight.gemspack1_s-com.nekki.shadowfight.gemspack1_s
1785440470.841 10073  4360  4438 W Unity   : UnityEngine.Logger:LogFormat(LogType, String, Object[])
1785440470.841 10073  4360  4438 W Unity   : UnityEngine.Purchasing.PurchasingManager:HasAvailableProductsToPurchase(Boolean)
1785440470.841 10073  4360  4438 W Unity   : UnityEngine.Purchasing.PurchasingManager:CheckForInitialization()
1785440470.841 10073  4360  4438 W Unity   : UnityEngine.Purchasing.PurchasingManager:OnProductsRetrieved(List`1)
1785440470.841 10073  4360  4438 W Unity   : UnityEngine.Purchasing.Extension.UnityUtil:Update()
1785440470.841 10073  4360  4438 W Unity   : (Filename: ./Runtime/Export/Debug.bindings.h Line: 45)
1785440470.842 10073  4360  4438 W Unity   : Unavailable product com.nekki.shadowfight.gemspack2_s-com.nekki.shadowfight.gemspack2_s
1785440470.842 10073  4360  4438 W Unity   : UnityEngine.Logger:LogFormat(LogType, String, Object[])
1785440470.842 10073  4360  4438 W Unity   : UnityEngine.Purchasing.PurchasingManager:HasAvailableProductsToPurchase(Boolean)
1785440470.842 10073  4360  4438 W Unity   : UnityEngine.Purchasing.PurchasingManager:CheckForInitialization()
1785440470.842 10073  4360  4438 W Unity   : UnityEngine.Purchasing.PurchasingManager:OnProductsRetrieved(List`1)
1785440470.842 10073  4360  4438 W Unity   : UnityEngine.Purchasing.Extension.UnityUtil:Update()
1785440470.842 10073  4360  4438 W Unity   : (Filename: ./Runtime/Export/Debug.bindings.h Line: 45)
1785440470.843 10073  4360  4438 W Unity   : Unavailable product com.nekki.shadowfight.gemspack4_s-com.nekki.shadowfight.gemspack4_s
1785440470.843 10073  4360  4438 W Unity   : UnityEngine.Logger:LogFormat(LogType, String, Object[])
1785440470.843 10073  4360  4438 W Unity   : UnityEngine.Purchasing.PurchasingManager:HasAvailableProductsToPurchase(Boolean)
1785440470.843 10073  4360  4438 W Unity   : UnityEngine.Purchasing.PurchasingManager:CheckForInitialization()
1785440470.843 10073  4360  4438 W Unity   : UnityEngine.Purchasing.PurchasingManager:OnProductsRetrieved(List`1)
1785440470.843 10073  4360  4438 W Unity   : UnityEngine.Purchasing.Extension.UnityUtil:Update()
1785440470.843 10073  4360  4438 W Unity   : (Filename: ./Runtime/Export/Debug.bindings.h Line: 45)
1785440470.844 10073  4360  4438 W Unity   : Unavailable product com.nekki.shadowfight.gemspack3_s-com.nekki.shadowfight.gemspack3_s
1785440470.844 10073  4360  4438 W Unity   : UnityEngine.Logger:LogFormat(LogType, String, Object[])
1785440470.844 10073  4360  4438 W Unity   : UnityEngine.Purchasing.PurchasingManager:HasAvailableProductsToPurchase(Boolean)
1785440470.844 10073  4360  4438 W Unity   : UnityEngine.Purchasing.PurchasingManager:CheckForInitialization()
1785440470.844 10073  4360  4438 W Unity   : UnityEngine.Purchasing.PurchasingManager:OnProductsRetrieved(List`1)
1785440470.844 10073  4360  4438 W Unity   : UnityEngine.Purchasing.Extension.UnityUtil:Update()
1785440470.844 10073  4360  4438 W Unity   : (Filename: ./Runtime/Export/Debug.bindings.h Line: 45)
1785440470.845 10073  4360  4438 W Unity   : Unavailable product com.nekki.shadowfight.coinspack1-com.nekki.shadowfight.coinspack1
1785440470.845 10073  4360  4438 W Unity   : UnityEngine.Logger:LogFormat(LogType, String, Object[])
1785440470.845 10073  4360  4438 W Unity   : UnityEngine.Purchasing.PurchasingManager:HasAvailableProductsToPurchase(Boolean)
1785440470.845 10073  4360  4438 W Unity   : UnityEngine.Purchasing.PurchasingManager:CheckForInitialization()
1785440470.845 10073  4360  4438 W Unity   : UnityEngine.Purchasing.PurchasingManager:OnProductsRetrieved(List`1)
1785440470.845 10073  4360  4438 W Unity   : UnityEngine.Purchasing.Extension.UnityUtil:Update()
1785440470.845 10073  4360  4438 W Unity   : (Filename: ./Runtime/Export/Debug.bindings.h Line: 45)
1785440470.846 10073  4360  4438 W Unity   : Unavailable product com.nekki.shadowfight.coinspack2-com.nekki.shadowfight.coinspack2
1785440470.846 10073  4360  4438 W Unity   : UnityEngine.Logger:LogFormat(LogType, String, Object[])
1785440470.846 10073  4360  4438 W Unity   : UnityEngine.Purchasing.PurchasingManager:HasAvailableProductsToPurchase(Boolean)
1785440470.846 10073  4360  4438 W Unity   : UnityEngine.Purchasing.PurchasingManager:CheckForInitialization()
1785440470.846 10073  4360  4438 W Unity   : UnityEngine.Purchasing.PurchasingManager:OnProductsRetrieved(List`1)
1785440470.846 10073  4360  4438 W Unity   : UnityEngine.Purchasing.Extension.UnityUtil:Update()
1785440470.846 10073  4360  4438 W Unity   : (Filename: ./Runtime/Export/Debug.bindings.h Line: 45)
1785440470.847 10073  4360  4438 W Unity   : Unavailable product com.nekki.shadowfight.coinspack3-com.nekki.shadowfight.coinspack3
1785440470.847 10073  4360  4438 W Unity   : UnityEngine.Logger:LogFormat(LogType, String, Object[])
1785440470.847 10073  4360  4438 W Unity   : UnityEngine.Purchasing.PurchasingManager:HasAvailableProductsToPurchase(Boolean)
1785440470.847 10073  4360  4438 W Unity   : UnityEngine.Purchasing.PurchasingManager:CheckForInitialization()
1785440470.847 10073  4360  4438 W Unity   : UnityEngine.Purchasing.PurchasingManager:OnProductsRetrieved(List`1)
1785440470.847 10073  4360  4438 W Unity   : UnityEngine.Purchasing.Extension.UnityUtil:Update()
1785440470.847 10073  4360  4438 W Unity   : (Filename: ./Runtime/Export/Debug.bindings.h Line: 45)
1785440470.849 10073  4360  4438 W Unity   : Unavailable product com.nekki.shadowfight.forgepack2-com.nekki.shadowfight.forgepack2
1785440470.849 10073  4360  4438 W Unity   : UnityEngine.Logger:LogFormat(LogType, String, Object[])
1785440470.849 10073  4360  4438 W Unity   : UnityEngine.Purchasing.PurchasingManager:HasAvailableProductsToPurchase(Boolean)
1785440470.849 10073  4360  4438 W Unity   : UnityEngine.Purchasing.PurchasingManager:CheckForInitialization()
1785440470.849 10073  4360  4438 W Unity   : UnityEngine.Purchasing.PurchasingManager:OnProductsRetrieved(List`1)
1785440470.849 10073  4360  4438 W Unity   : UnityEngine.Purchasing.Extension.UnityUtil:Update()
1785440470.849 10073  4360  4438 W Unity   : (Filename: ./Runtime/Export/Debug.bindings.h Line: 45)
1785440470.850 10073  4360  4438 W Unity   : Unavailable product com.nekki.shadowfight.forgepack3-com.nekki.shadowfight.forgepack3
1785440470.850 10073  4360  4438 W Unity   : UnityEngine.Logger:LogFormat(LogType, String, Object[])
1785440470.850 10073  4360  4438 W Unity   : UnityEngine.Purchasing.PurchasingManager:HasAvailableProductsToPurchase(Boolean)
1785440470.850 10073  4360  4438 W Unity   : UnityEngine.Purchasing.PurchasingManager:CheckForInitialization()
1785440470.850 10073  4360  4438 W Unity   : UnityEngine.Purchasing.PurchasingManager:OnProductsRetrieved(List`1)
1785440470.850 10073  4360  4438 W Unity   : UnityEngine.Purchasing.Extension.UnityUtil:Update()
1785440470.850 10073  4360  4438 W Unity   : (Filename: ./Runtime/Export/Debug.bindings.h Line: 45)
1785440470.851 10073  4360  4438 W Unity   : Unavailable product com.nekki.shadowfight.forgepack4-com.nekki.shadowfight.forgepack4
1785440470.851 10073  4360  4438 W Unity   : UnityEngine.Logger:LogFormat(LogType, String, Object[])
1785440470.851 10073  4360  4438 W Unity   : UnityEngine.Purchasing.PurchasingManager:HasAvailableProductsToPurchase(Boolean)
1785440470.851 10073  4360  4438 W Unity   : UnityEngine.Purchasing.PurchasingManager:CheckForInitialization()
1785440470.851 10073  4360  4438 W Unity   : UnityEngine.Purchasing.PurchasingManager:OnProductsRetrieved(List`1)
1785440470.851 10073  4360  4438 W Unity   : UnityEngine.Purchasing.Extension.UnityUtil:Update()
1785440470.851 10073  4360  4438 W Unity   : (Filename: ./Runtime/Export/Debug.bindings.h Line: 45)
1785440470.852 10073  4360  4438 W Unity   : Unavailable product com.nekki.shadowfight.forgepack5-com.nekki.shadowfight.forgepack5
1785440470.852 10073  4360  4438 W Unity   : UnityEngine.Logger:LogFormat(LogType, String, Object[])
1785440470.852 10073  4360  4438 W Unity   : UnityEngine.Purchasing.PurchasingManager:HasAvailableProductsToPurchase(Boolean)
1785440470.852 10073  4360  4438 W Unity   : UnityEngine.Purchasing.PurchasingManager:CheckForInitialization()
1785440470.852 10073  4360  4438 W Unity   : UnityEngine.Purchasing.PurchasingManager:OnProductsRetrieved(List`1)
1785440470.852 10073  4360  4438 W Unity   : UnityEngine.Purchasing.Extension.UnityUtil:Update()
1785440470.852 10073  4360  4438 W Unity   : (Filename: ./Runtime/Export/Debug.bindings.h Line: 45)
1785440470.853 10073  4360  4438 W Unity   : Unavailable product com.nekki.shadowfight.forgepack6-com.nekki.shadowfight.forgepack6
1785440470.853 10073  4360  4438 W Unity   : UnityEngine.Logger:LogFormat(LogType, String, Object[])
1785440470.853 10073  4360  4438 W Unity   : UnityEngine.Purchasing.PurchasingManager:HasAvailableProductsToPurchase(Boolean)
1785440470.853 10073  4360  4438 W Unity   : UnityEngine.Purchasing.PurchasingManager:CheckForInitialization()
1785440470.853 10073  4360  4438 W Unity   : UnityEngine.Purchasing.PurchasingManager:OnProductsRetrieved(List`1)
1785440470.853 10073  4360  4438 W Unity   : UnityEngine.Purchasing.Extension.UnityUtil:Update()
1785440470.853 10073  4360  4438 W Unity   : (Filename: ./Runtime/Export/Debug.bindings.h Line: 45)
1785440470.854 10073  4360  4438 W Unity   : Unavailable product com.nekki.shadowfight.forgepackim-com.nekki.shadowfight.forgepackim
1785440470.854 10073  4360  4438 W Unity   : UnityEngine.Logger:LogFormat(LogType, String, Object[])
1785440470.854 10073  4360  4438 W Unity   : UnityEngine.Purchasing.PurchasingManager:HasAvailableProductsToPurchase(Boolean)
1785440470.854 10073  4360  4438 W Unity   : UnityEngine.Purchasing.PurchasingManager:CheckForInitialization()
1785440470.854 10073  4360  4438 W Unity   : UnityEngine.Purchasing.PurchasingManager:OnProductsRetrieved(List`1)
1785440470.854 10073  4360  4438 W Unity   : UnityEngine.Purchasing.Extension.UnityUtil:Update()
1785440470.854 10073  4360  4438 W Unity   : (Filename: ./Runtime/Export/Debug.bindings.h Line: 45)
1785440470.855 10073  4360  4438 W Unity   : Unavailable product com.nekki.shadowfight.forgepack7_1-com.nekki.shadowfight.forgepack7_1
1785440470.855 10073  4360  4438 W Unity   : UnityEngine.Logger:LogFormat(LogType, String, Object[])
1785440470.855 10073  4360  4438 W Unity   : UnityEngine.Purchasing.PurchasingManager:HasAvailableProductsToPurchase(Boolean)
1785440470.855 10073  4360  4438 W Unity   : UnityEngine.Purchasing.PurchasingManager:CheckForInitialization()
1785440470.855 10073  4360  4438 W Unity   : UnityEngine.Purchasing.PurchasingManager:OnProductsRetrieved(List`1)
1785440470.855 10073  4360  4438 W Unity   : UnityEngine.Purchasing.Extension.UnityUtil:Update()
1785440470.855 10073  4360  4438 W Unity   : (Filename: ./Runtime/Export/Debug.bindings.h Line: 45)
1785440470.856 10073  4360  4438 W Unity   : Unavailable product com.nekki.shadowfight.forgepack7_2-com.nekki.shadowfight.forgepack7_2
1785440470.856 10073  4360  4438 W Unity   : UnityEngine.Logger:LogFormat(LogType, String, Object[])
1785440470.856 10073  4360  4438 W Unity   : UnityEngine.Purchasing.PurchasingManager:HasAvailableProductsToPurchase(Boolean)
1785440470.856 10073  4360  4438 W Unity   : UnityEngine.Purchasing.PurchasingManager:CheckForInitialization()
1785440470.856 10073  4360  4438 W Unity   : UnityEngine.Purchasing.PurchasingManager:OnProductsRetrieved(List`1)
1785440470.856 10073  4360  4438 W Unity   : UnityEngine.Purchasing.Extension.UnityUtil:Update()
1785440470.856 10073  4360  4438 W Unity   : (Filename: ./Runtime/Export/Debug.bindings.h Line: 45)
1785440470.857 10073  4360  4438 W Unity   : Unavailable product com.nekki.shadowfight.forgepack7_3-com.nekki.shadowfight.forgepack7_3
1785440470.857 10073  4360  4438 W Unity   : UnityEngine.Logger:LogFormat(LogType, String, Object[])
1785440470.857 10073  4360  4438 W Unity   : UnityEngine.Purchasing.PurchasingManager:HasAvailableProductsToPurchase(Boolean)
1785440470.857 10073  4360  4438 W Unity   : UnityEngine.Purchasing.PurchasingManager:CheckForInitialization()
1785440470.857 10073  4360  4438 W Unity   : UnityEngine.Purchasing.PurchasingManager:OnProductsRetrieved(List`1)
1785440470.857 10073  4360  4438 W Unity   : UnityEngine.Purchasing.Extension.UnityUtil:Update()
1785440470.857 10073  4360  4438 W Unity   : (Filename: ./Runtime/Export/Debug.bindings.h Line: 45)
1785440470.858 10073  4360  4438 W Unity   : Unavailable product com.nekki.shadowfight.starterpack-com.nekki.shadowfight.starterpack
1785440470.858 10073  4360  4438 W Unity   : UnityEngine.Logger:LogFormat(LogType, String, Object[])
1785440470.858 10073  4360  4438 W Unity   : UnityEngine.Purchasing.PurchasingManager:HasAvailableProductsToPurchase(Boolean)
1785440470.858 10073  4360  4438 W Unity   : UnityEngine.Purchasing.PurchasingManager:CheckForInitialization()
1785440470.858 10073  4360  4438 W Unity   : UnityEngine.Purchasing.PurchasingManager:OnProductsRetrieved(List`1)
1785440470.858 10073  4360  4438 W Unity   : UnityEngine.Purchasing.Extension.UnityUtil:Update()
1785440470.858 10073  4360  4438 W Unity   : (Filename: ./Runtime/Export/Debug.bindings.h Line: 45)
1785440470.859 10073  4360  4438 W Unity   : Unavailable product com.nekki.shadowfight.starterpack_super-com.nekki.shadowfight.starterpack_super
1785440470.859 10073  4360  4438 W Unity   : UnityEngine.Logger:LogFormat(LogType, String, Object[])
1785440470.859 10073  4360  4438 W Unity   : UnityEngine.Purchasing.PurchasingManager:HasAvailableProductsToPurchase(Boolean)
1785440470.859 10073  4360  4438 W Unity   : UnityEngine.Purchasing.PurchasingManager:CheckForInitialization()
1785440470.859 10073  4360  4438 W Unity   : UnityEngine.Purchasing.PurchasingManager:OnProductsRetrieved(List`1)
1785440470.859 10073  4360  4438 W Unity   : UnityEngine.Purchasing.Extension.UnityUtil:Update()
1785440470.859 10073  4360  4438 W Unity   : (Filename: ./Runtime/Export/Debug.bindings.h Line: 45)
1785440470.861 10073  4360  4438 W Unity   : Unavailable product com.nekki.shadowfight.starterpack_super_zone2-com.nekki.shadowfight.starterpack_super_zone2
1785440470.861 10073  4360  4438 W Unity   : UnityEngine.Logger:LogFormat(LogType, String, Object[])
1785440470.861 10073  4360  4438 W Unity   : UnityEngine.Purchasing.PurchasingManager:HasAvailableProductsToPurchase(Boolean)
1785440470.861 10073  4360  4438 W Unity   : UnityEngine.Purchasing.PurchasingManager:CheckForInitialization()
1785440470.861 10073  4360  4438 W Unity   : UnityEngine.Purchasing.PurchasingManager:OnProductsRetrieved(List`1)
1785440470.861 10073  4360  4438 W Unity   : UnityEngine.Purchasing.Extension.UnityUtil:Update()
1785440470.861 10073  4360  4438 W Unity   : (Filename: ./Runtime/Export/Debug.bindings.h Line: 45)
1785440470.862 10073  4360  4438 W Unity   : Unavailable product com.nekki.shadowfight.starterpack_super_zone3-com.nekki.shadowfight.starterpack_super_zone3
1785440470.862 10073  4360  4438 W Unity   : UnityEngine.Logger:LogFormat(LogType, String, Object[])
1785440470.862 10073  4360  4438 W Unity   : UnityEngine.Purchasing.PurchasingManager:HasAvailableProductsToPurchase(Boolean)
1785440470.862 10073  4360  4438 W Unity   : UnityEngine.Purchasing.PurchasingManager:CheckForInitialization()
1785440470.862 10073  4360  4438 W Unity   : UnityEngine.Purchasing.PurchasingManager:OnProductsRetrieved(List`1)
1785440470.862 10073  4360  4438 W Unity   : UnityEngine.Purchasing.Extension.UnityUtil:Update()
1785440470.862 10073  4360  4438 W Unity   : (Filename: ./Runtime/Export/Debug.bindings.h Line: 45)
1785440470.863 10073  4360  4438 W Unity   : Unavailable product com.nekki.shadowfight.starterpack_super_zone4-com.nekki.shadowfight.starterpack_super_zone4
1785440470.863 10073  4360  4438 W Unity   : UnityEngine.Logger:LogFormat(LogType, String, Object[])
1785440470.863 10073  4360  4438 W Unity   : UnityEngine.Purchasing.PurchasingManager:HasAvailableProductsToPurchase(Boolean)
1785440470.863 10073  4360  4438 W Unity   : UnityEngine.Purchasing.PurchasingManager:CheckForInitialization()
1785440470.863 10073  4360  4438 W Unity   : UnityEngine.Purchasing.PurchasingManager:OnProductsRetrieved(List`1)
1785440470.863 10073  4360  4438 W Unity   : UnityEngine.Purchasing.Extension.UnityUtil:Update()
1785440470.863 10073  4360  4438 W Unity   : (Filename: ./Runtime/Export/Debug.bindings.h Line: 45)
1785440470.864 10073  4360  4438 W Unity   : Unavailable product com.nekki.shadowfight.starterpack_super_zone5-com.nekki.shadowfight.starterpack_super_zone5
1785440470.864 10073  4360  4438 W Unity   : UnityEngine.Logger:LogFormat(LogType, String, Object[])
1785440470.864 10073  4360  4438 W Unity   : UnityEngine.Purchasing.PurchasingManager:HasAvailableProductsToPurchase(Boolean)
1785440470.864 10073  4360  4438 W Unity   : UnityEngine.Purchasing.PurchasingManager:CheckForInitialization()
1785440470.864 10073  4360  4438 W Unity   : UnityEngine.Purchasing.PurchasingManager:OnProductsRetrieved(List`1)
1785440470.864 10073  4360  4438 W Unity   : UnityEngine.Purchasing.Extension.UnityUtil:Update()
1785440470.864 10073  4360  4438 W Unity   : (Filename: ./Runtime/Export/Debug.bindings.h Line: 45)
1785440470.865 10073  4360  4438 W Unity   : Unavailable product com.nekki.shadowfight.starterpack_super_zone6-com.nekki.shadowfight.starterpack_super_zone6
1785440470.865 10073  4360  4438 W Unity   : UnityEngine.Logger:LogFormat(LogType, String, Object[])
1785440470.865 10073  4360  4438 W Unity   : UnityEngine.Purchasing.PurchasingManager:HasAvailableProductsToPurchase(Boolean)
1785440470.865 10073  4360  4438 W Unity   : UnityEngine.Purchasing.PurchasingManager:CheckForInitialization()
1785440470.865 10073  4360  4438 W Unity   : UnityEngine.Purchasing.PurchasingManager:OnProductsRetrieved(List`1)
1785440470.865 10073  4360  4438 W Unity   : UnityEngine.Purchasing.Extension.UnityUtil:Update()
1785440470.865 10073  4360  4438 W Unity   : (Filename: ./Runtime/Export/Debug.bindings.h Line: 45)
1785440470.866 10073  4360  4438 W Unity   : Unavailable product com.nekki.shadowfight.event_pack_offer-com.nekki.shadowfight.event_pack_offer
1785440470.866 10073  4360  4438 W Unity   : UnityEngine.Logger:LogFormat(LogType, String, Object[])
1785440470.866 10073  4360  4438 W Unity   : UnityEngine.Purchasing.PurchasingManager:HasAvailableProductsToPurchase(Boolean)
1785440470.866 10073  4360  4438 W Unity   : UnityEngine.Purchasing.PurchasingManager:CheckForInitialization()
1785440470.866 10073  4360  4438 W Unity   : UnityEngine.Purchasing.PurchasingManager:OnProductsRetrieved(List`1)
1785440470.866 10073  4360  4438 W Unity   : UnityEngine.Purchasing.Extension.UnityUtil:Update()
1785440470.866 10073  4360  4438 W Unity   : (Filename: ./Runtime/Export/Debug.bindings.h Line: 45)
1785440470.867 10073  4360  4438 W Unity   : Unavailable product com.nekki.shadowfight.weapon_offer_zone1-com.nekki.shadowfight.weapon_offer_zone1
1785440470.867 10073  4360  4438 W Unity   : UnityEngine.Logger:LogFormat(LogType, String, Object[])
1785440470.867 10073  4360  4438 W Unity   : UnityEngine.Purchasing.PurchasingManager:HasAvailableProductsToPurchase(Boolean)
1785440470.867 10073  4360  4438 W Unity   : UnityEngine.Purchasing.PurchasingManager:CheckForInitialization()
1785440470.867 10073  4360  4438 W Unity   : UnityEngine.Purchasing.PurchasingManager:OnProductsRetrieved(List`1)
1785440470.867 10073  4360  4438 W Unity   : UnityEngine.Purchasing.Extension.UnityUtil:Update()
1785440470.867 10073  4360  4438 W Unity   : (Filename: ./Runtime/Export/Debug.bindings.h Line: 45)
1785440470.868 10073  4360  4438 W Unity   : Unavailable product com.nekki.shadowfight.weapon_offer_zone2-com.nekki.shadowfight.weapon_offer_zone2
1785440470.868 10073  4360  4438 W Unity   : UnityEngine.Logger:LogFormat(LogType, String, Object[])
1785440470.868 10073  4360  4438 W Unity   : UnityEngine.Purchasing.PurchasingManager:HasAvailableProductsToPurchase(Boolean)
1785440470.868 10073  4360  4438 W Unity   : UnityEngine.Purchasing.PurchasingManager:CheckForInitialization()
1785440470.868 10073  4360  4438 W Unity   : UnityEngine.Purchasing.PurchasingManager:OnProductsRetrieved(List`1)
1785440470.868 10073  4360  4438 W Unity   : UnityEngine.Purchasing.Extension.UnityUtil:Update()
1785440470.868 10073  4360  4438 W Unity   : (Filename: ./Runtime/Export/Debug.bindings.h Line: 45)
1785440470.869 10073  4360  4438 W Unity   : Unavailable product com.nekki.shadowfight.weapon_offer_zone3-com.nekki.shadowfight.weapon_offer_zone3
1785440470.869 10073  4360  4438 W Unity   : UnityEngine.Logger:LogFormat(LogType, String, Object[])
1785440470.869 10073  4360  4438 W Unity   : UnityEngine.Purchasing.PurchasingManager:HasAvailableProductsToPurchase(Boolean)
1785440470.869 10073  4360  4438 W Unity   : UnityEngine.Purchasing.PurchasingManager:CheckForInitialization()
1785440470.869 10073  4360  4438 W Unity   : UnityEngine.Purchasing.PurchasingManager:OnProductsRetrieved(List`1)
1785440470.869 10073  4360  4438 W Unity   : UnityEngine.Purchasing.Extension.UnityUtil:Update()
1785440470.869 10073  4360  4438 W Unity   : (Filename: ./Runtime/Export/Debug.bindings.h Line: 45)
1785440470.870 10073  4360  4438 W Unity   : Unavailable product com.nekki.shadowfight.weapon_offer_zone4-com.nekki.shadowfight.weapon_offer_zone4
1785440470.870 10073  4360  4438 W Unity   : UnityEngine.Logger:LogFormat(LogType, String, Object[])
1785440470.870 10073  4360  4438 W Unity   : UnityEngine.Purchasing.PurchasingManager:HasAvailableProductsToPurchase(Boolean)
1785440470.870 10073  4360  4438 W Unity   : UnityEngine.Purchasing.PurchasingManager:CheckForInitialization()
1785440470.870 10073  4360  4438 W Unity   : UnityEngine.Purchasing.PurchasingManager:OnProductsRetrieved(List`1)
1785440470.870 10073  4360  4438 W Unity   : UnityEngine.Purchasing.Extension.UnityUtil:Update()
1785440470.870 10073  4360  4438 W Unity   : (Filename: ./Runtime/Export/Debug.bindings.h Line: 45)
1785440470.871 10073  4360  4438 W Unity   : Unavailable product com.nekki.shadowfight.weapon_offer_zone5-com.nekki.shadowfight.weapon_offer_zone5
1785440470.871 10073  4360  4438 W Unity   : UnityEngine.Logger:LogFormat(LogType, String, Object[])
1785440470.871 10073  4360  4438 W Unity   : UnityEngine.Purchasing.PurchasingManager:HasAvailableProductsToPurchase(Boolean)
1785440470.871 10073  4360  4438 W Unity   : UnityEngine.Purchasing.PurchasingManager:CheckForInitialization()
1785440470.871 10073  4360  4438 W Unity   : UnityEngine.Purchasing.PurchasingManager:OnProductsRetrieved(List`1)
1785440470.871 10073  4360  4438 W Unity   : UnityEngine.Purchasing.Extension.UnityUtil:Update()
1785440470.871 10073  4360  4438 W Unity   : (Filename: ./Runtime/Export/Debug.bindings.h Line: 45)
1785440470.872 10073  4360  4438 W Unity   : Unavailable product com.nekki.shadowfight.weapon_offer_zone6-com.nekki.shadowfight.weapon_offer_zone6
1785440470.872 10073  4360  4438 W Unity   : UnityEngine.Logger:LogFormat(LogType, String, Object[])
1785440470.872 10073  4360  4438 W Unity   : UnityEngine.Purchasing.PurchasingManager:HasAvailableProductsToPurchase(Boolean)
1785440470.872 10073  4360  4438 W Unity   : UnityEngine.Purchasing.PurchasingManager:CheckForInitialization()
1785440470.872 10073  4360  4438 W Unity   : UnityEngine.Purchasing.PurchasingManager:OnProductsRetrieved(List`1)
1785440470.872 10073  4360  4438 W Unity   : UnityEngine.Purchasing.Extension.UnityUtil:Update()
1785440470.872 10073  4360  4438 W Unity   : (Filename: ./Runtime/Export/Debug.bindings.h Line: 45)
1785440470.873 10073  4360  4438 W Unity   : Unavailable product com.nekki.shadowfight.raid_beginner_pack-com.nekki.shadowfight.raid_beginner_pack
1785440470.873 10073  4360  4438 W Unity   : UnityEngine.Logger:LogFormat(LogType, String, Object[])
1785440470.873 10073  4360  4438 W Unity   : UnityEngine.Purchasing.PurchasingManager:HasAvailableProductsToPurchase(Boolean)
1785440470.873 10073  4360  4438 W Unity   : UnityEngine.Purchasing.PurchasingManager:CheckForInitialization()
1785440470.873 10073  4360  4438 W Unity   : UnityEngine.Purchasing.PurchasingManager:OnProductsRetrieved(List`1)
1785440470.873 10073  4360  4438 W Unity   : UnityEngine.Purchasing.Extension.UnityUtil:Update()
1785440470.873 10073  4360  4438 W Unity   : (Filename: ./Runtime/Export/Debug.bindings.h Line: 45)
1785440470.874 10073  4360  4438 W Unity   : Unavailable product com.nekki.shadowfight.ny21_pack_offer-com.nekki.shadowfight.ny21_pack_offer
1785440470.874 10073  4360  4438 W Unity   : UnityEngine.Logger:LogFormat(LogType, String, Object[])
1785440470.874 10073  4360  4438 W Unity   : UnityEngine.Purchasing.PurchasingManager:HasAvailableProductsToPurchase(Boolean)
1785440470.874 10073  4360  4438 W Unity   : UnityEngine.Purchasing.PurchasingManager:CheckForInitialization()
1785440470.874 10073  4360  4438 W Unity   : UnityEngine.Purchasing.PurchasingManager:OnProductsRetrieved(List`1)
1785440470.874 10073  4360  4438 W Unity   : UnityEngine.Purchasing.Extension.UnityUtil:Update()
1785440470.874 10073  4360  4438 W Unity   : (Filename: ./Runtime/Export/Debug.bindings.h Line: 45)
1785440470.875 10073  4360  4438 W Unity   : Unavailable product com.nekki.shadowfight.chny21_pack_offer-com.nekki.shadowfight.chny21_pack_offer
1785440470.875 10073  4360  4438 W Unity   : UnityEngine.Logger:LogFormat(LogType, String, Object[])
1785440470.875 10073  4360  4438 W Unity   : UnityEngine.Purchasing.PurchasingManager:HasAvailableProductsToPurchase(Boolean)
1785440470.875 10073  4360  4438 W Unity   : UnityEngine.Purchasing.PurchasingManager:CheckForInitialization()
1785440470.875 10073  4360  4438 W Unity   : UnityEngine.Purchasing.PurchasingManager:OnProductsRetrieved(List`1)
1785440470.875 10073  4360  4438 W Unity   : UnityEngine.Purchasing.Extension.UnityUtil:Update()
1785440470.875 10073  4360  4438 W Unity   : (Filename: ./Runtime/Export/Debug.bindings.h Line: 45)
1785440470.876 10073  4360  4438 W Unity   : Unavailable product com.nekki.shadowfight.ie21_pack_offer-com.nekki.shadowfight.ie21_pack_offer
1785440470.876 10073  4360  4438 W Unity   : UnityEngine.Logger:LogFormat(LogType, String, Object[])
1785440470.876 10073  4360  4438 W Unity   : UnityEngine.Purchasing.PurchasingManager:HasAvailableProductsToPurchase(Boolean)
1785440470.876 10073  4360  4438 W Unity   : UnityEngine.Purchasing.PurchasingManager:CheckForInitialization()
1785440470.876 10073  4360  4438 W Unity   : UnityEngine.Purchasing.PurchasingManager:OnProductsRetrieved(List`1)
1785440470.876 10073  4360  4438 W Unity   : UnityEngine.Purchasing.Extension.UnityUtil:Update()
1785440470.876 10073  4360  4438 W Unity   : (Filename: ./Runtime/Export/Debug.bindings.h Line: 45)
1785440470.877 10073  4360  4438 W Unity   : Unavailable product com.nekki.shadowfight.ae21_pack_offer-com.nekki.shadowfight.ae21_pack_offer
1785440470.877 10073  4360  4438 W Unity   : UnityEngine.Logger:LogFormat(LogType, String, Object[])
1785440470.877 10073  4360  4438 W Unity   : UnityEngine.Purchasing.PurchasingManager:HasAvailableProductsToPurchase(Boolean)
1785440470.877 10073  4360  4438 W Unity   : UnityEngine.Purchasing.PurchasingManager:CheckForInitialization()
1785440470.877 10073  4360  4438 W Unity   : UnityEngine.Purchasing.PurchasingManager:OnProductsRetrieved(List`1)
1785440470.877 10073  4360  4438 W Unity   : UnityEngine.Purchasing.Extension.UnityUtil:Update()
1785440470.877 10073  4360  4438 W Unity   : (Filename: ./Runtime/Export/Debug.bindings.h Line: 45)
1785440470.878 10073  4360  4438 W Unity   : Unavailable product com.nekki.shadowfight.summer21_pack_offer-com.nekki.shadowfight.summer21_pack_offer
1785440470.878 10073  4360  4438 W Unity   : UnityEngine.Logger:LogFormat(LogType, String, Object[])
1785440470.878 10073  4360  4438 W Unity   : UnityEngine.Purchasing.PurchasingManager:HasAvailableProductsToPurchase(Boolean)
1785440470.878 10073  4360  4438 W Unity   : UnityEngine.Purchasing.PurchasingManager:CheckForInitialization()
1785440470.878 10073  4360  4438 W Unity   : UnityEngine.Purchasing.PurchasingManager:OnProductsRetrieved(List`1)
1785440470.878 10073  4360  4438 W Unity   : UnityEngine.Purchasing.Extension.UnityUtil:Update()
1785440470.878 10073  4360  4438 W Unity   : (Filename: ./Runtime/Export/Debug.bindings.h Line: 45)
1785440470.879 10073  4360  4438 W Unity   : Unavailable product com.nekki.shadowfight.chny22_pack_offer-com.nekki.shadowfight.chny22_pack_offer
1785440470.879 10073  4360  4438 W Unity   : UnityEngine.Logger:LogFormat(LogType, String, Object[])
1785440470.879 10073  4360  4438 W Unity   : UnityEngine.Purchasing.PurchasingManager:HasAvailableProductsToPurchase(Boolean)
1785440470.879 10073  4360  4438 W Unity   : UnityEngine.Purchasing.PurchasingManager:CheckForInitialization()
1785440470.879 10073  4360  4438 W Unity   : UnityEngine.Purchasing.PurchasingManager:OnProductsRetrieved(List`1)
1785440470.879 10073  4360  4438 W Unity   : UnityEngine.Purchasing.Extension.UnityUtil:Update()
1785440470.879 10073  4360  4438 W Unity   : (Filename: ./Runtime/Export/Debug.bindings.h Line: 45)
1785440470.880 10073  4360  4438 W Unity   : Unavailable product com.nekki.shadowfight.unlimitedenergy_sale-com.nekki.shadowfight.unlimitedenergy_sale
1785440470.880 10073  4360  4438 W Unity   : UnityEngine.Logger:LogFormat(LogType, String, Object[])
1785440470.880 10073  4360  4438 W Unity   : UnityEngine.Purchasing.PurchasingManager:HasAvailableProductsToPurchase(Boolean)
1785440470.880 10073  4360  4438 W Unity   : UnityEngine.Purchasing.PurchasingManager:CheckForInitialization()
1785440470.880 10073  4360  4438 W Unity   : UnityEngine.Purchasing.PurchasingManager:OnProductsRetrieved(List`1)
1785440470.880 10073  4360  4438 W Unity   : UnityEngine.Purchasing.Extension.UnityUtil:Update()
1785440470.880 10073  4360  4438 W Unity   : (Filename: ./Runtime/Export/Debug.bindings.h Line: 45)
1785440470.882 10073  4360  4438 I Unity   : [Store] OnInitializeFailed - NoProductsAvailable!
1785440470.882 10073  4360  4438 I Unity   : UnityEngine.Logger:LogFormat(LogType, String, Object[])
1785440470.882 10073  4360  4438 I Unity   : UnityEngine.Debug:LogFormat(String, Object[])
1785440470.882 10073  4360  4438 I Unity   : Nekki.Payment.Store:OnInitializeFailed(InitializationFailureReason)
1785440470.882 10073  4360  4438 I Unity   : UnityEngine.Purchasing.PurchasingManager:CheckForInitialization()
1785440470.882 10073  4360  4438 I Unity   : UnityEngine.Purchasing.PurchasingManager:OnProductsRetrieved(List`1)
1785440470.882 10073  4360  4438 I Unity   : UnityEngine.Purchasing.Extension.UnityUtil:Update()
1785440470.882 10073  4360  4438 I Unity   : (Filename: ./Runtime/Export/Debug.bindings.h Line: 45)
1785440470.885 10073  4360  4438 I Unity   : Quest UpdateStart started
1785440470.885 10073  4360  4438 I Unity   : UnityEngine.Logger:Log(LogType, Object)
1785440470.885 10073  4360  4438 I Unity   : NKMMLFBKOEL:JOJKAIJDNHL(HFEOJCDENDP, Boolean)
1785440470.885 10073  4360  4438 I Unity   : Nekki.SF2.Core.Quests.QuestsManager:BBFMMONCPJD()
1785440470.885 10073  4360  4438 I Unity   : (Filename: ./Runtime/Export/Debug.bindings.h Line: 45)
1785440470.898 10073  4360  4438 I Unity   : [QuestsManager] Running quest : [UpdateStart]
1785440470.898 10073  4360  4438 I Unity   : UnityEngine.Logger:LogFormat(LogType, String, Object[])
1785440470.898 10073  4360  4438 I Unity   : UnityEngine.Debug:LogFormat(String, Object[])
1785440470.898 10073  4360  4438 I Unity   : Nekki.SF2.Core.Quests.QuestsManager:BBFMMONCPJD()
1785440470.898 10073  4360  4438 I Unity   : (Filename: ./Runtime/Export/Debug.bindings.h Line: 45)
1785440470.901 10073  4360  4438 I Unity   : Quest lang_SessionStartCheck started
1785440470.901 10073  4360  4438 I Unity   : UnityEngine.Logger:Log(LogType, Object)
1785440470.901 10073  4360  4438 I Unity   : NKMMLFBKOEL:JOJKAIJDNHL(HFEOJCDENDP, Boolean)
1785440470.901 10073  4360  4438 I Unity   : Nekki.SF2.Core.Quests.QuestsManager:BBFMMONCPJD()
1785440470.901 10073  4360  4438 I Unity   : (Filename: ./Runtime/Export/Debug.bindings.h Line: 45)
1785440470.903 10073  4360  4438 I Unity   : [QuestsManager] Running quest : [lang_SessionStartCheck]
1785440470.903 10073  4360  4438 I Unity   : UnityEngine.Logger:LogFormat(LogType, String, Object[])
1785440470.903 10073  4360  4438 I Unity   : UnityEngine.Debug:LogFormat(String, Object[])
1785440470.903 10073  4360  4438 I Unity   : Nekki.SF2.Core.Quests.QuestsManager:BBFMMONCPJD()
1785440470.903 10073  4360  4438 I Unity   : (Filename: ./Runtime/Export/Debug.bindings.h Line: 45)
1785440470.916 10073  4360  4438 I Unity   : Quest EclipseBattlesChecker started
1785440470.916 10073  4360  4438 I Unity   : UnityEngine.Logger:Log(LogType, Object)
1785440470.916 10073  4360  4438 I Unity   : NKMMLFBKOEL:JOJKAIJDNHL(HFEOJCDENDP, Boolean)
1785440470.916 10073  4360  4438 I Unity   : Nekki.SF2.Core.Quests.QuestsManager:BBFMMONCPJD()
1785440470.916 10073  4360  4438 I Unity   : (Filename: ./Runtime/Export/Debug.bindings.h Line: 45)
1785440470.918 10073  4360  4438 I Unity   : [Quests] added to stack: Zone1EclipseChecker
1785440470.918 10073  4360  4438 I Unity   : UnityEngine.Logger:Log(LogType, Object)
1785440470.918 10073  4360  4438 I Unity   : Nekki.SF2.Core.Quests.QuestsManager:ILDLDDBKLHD(NKMMLFBKOEL)
1785440470.918 10073  4360  4438 I Unity   : Nekki.SF2.Core.Quests.QuestsManager:AddQuestToStack(NKMMLFBKOEL, Boolean)
1785440470.918 10073  4360  4438 I Unity   : Nekki.SF2.Core.Quests.QuestsManager:ScheduleQuests(ILPMDHHPBNJ)
1785440470.918 10073  4360  4438 I Unity   : BEFFFMFLHEE:NGAKLGHBIKJ(HFEOJCDENDP)
1785440470.918 10073  4360  4438 I Unity   : Nekki.SF2.Core.Quests.QuestsManager:BBFMMONCPJD()
1785440470.918 10073  4360  4438 I Unity   : (Filename: ./Runtime/Export/Debug.bindings.h Line: 45)
1785440470.920 10073  4360  4438 I Unity   : [Quests] added to stack: Zone2EclipseChecker
1785440470.920 10073  4360  4438 I Unity   : UnityEngine.Logger:Log(LogType, Object)
1785440470.920 10073  4360  4438 I Unity   : Nekki.SF2.Core.Quests.QuestsManager:ILDLDDBKLHD(NKMMLFBKOEL)
1785440470.920 10073  4360  4438 I Unity   : Nekki.SF2.Core.Quests.QuestsManager:AddQuestToStack(NKMMLFBKOEL, Boolean)
1785440470.920 10073  4360  4438 I Unity   : Nekki.SF2.Core.Quests.QuestsManager:ScheduleQuests(ILPMDHHPBNJ)
1785440470.920 10073  4360  4438 I Unity   : BEFFFMFLHEE:NGAKLGHBIKJ(HFEOJCDENDP)
1785440470.920 10073  4360  4438 I Unity   : Nekki.SF2.Core.Quests.QuestsManager:BBFMMONCPJD()
1785440470.920 10073  4360  4438 I Unity   : (Filename: ./Runtime/Export/Debug.bindings.h Line: 45)
1785440470.922 10073  4360  4438 I Unity   : [Quests] added to stack: Zone3EclipseChecker
1785440470.922 10073  4360  4438 I Unity   : UnityEngine.Logger:Log(LogType, Object)
1785440470.922 10073  4360  4438 I Unity   : Nekki.SF2.Core.Quests.QuestsManager:ILDLDDBKLHD(NKMMLFBKOEL)
1785440470.922 10073  4360  4438 I Unity   : Nekki.SF2.Core.Quests.QuestsManager:AddQuestToStack(NKMMLFBKOEL, Boolean)
1785440470.922 10073  4360  4438 I Unity   : Nekki.SF2.Core.Quests.QuestsManager:ScheduleQuests(ILPMDHHPBNJ)
1785440470.922 10073  4360  4438 I Unity   : BEFFFMFLHEE:NGAKLGHBIKJ(HFEOJCDENDP)
1785440470.922 10073  4360  4438 I Unity   : Nekki.SF2.Core.Quests.QuestsManager:BBFMMONCPJD()
1785440470.922 10073  4360  4438 I Unity   : (Filename: ./Runtime/Export/Debug.bindings.h Line: 45)
1785440470.923 10073  4360  4438 I Unity   : [Quests] added to stack: Zone4EclipseChecker
1785440470.923 10073  4360  4438 I Unity   : UnityEngine.Logger:Log(LogType, Object)
1785440470.923 10073  4360  4438 I Unity   : Nekki.SF2.Core.Quests.QuestsManager:ILDLDDBKLHD(NKMMLFBKOEL)
1785440470.923 10073  4360  4438 I Unity   : Nekki.SF2.Core.Quests.QuestsManager:AddQuestToStack(NKMMLFBKOEL, Boolean)
1785440470.923 10073  4360  4438 I Unity   : Nekki.SF2.Core.Quests.QuestsManager:ScheduleQuests(ILPMDHHPBNJ)
1785440470.923 10073  4360  4438 I Unity   : BEFFFMFLHEE:NGAKLGHBIKJ(HFEOJCDENDP)
1785440470.923 10073  4360  4438 I Unity   : Nekki.SF2.Core.Quests.QuestsManager:BBFMMONCPJD()
1785440470.923 10073  4360  4438 I Unity   : (Filename: ./Runtime/Export/Debug.bindings.h Line: 45)
1785440470.925 10073  4360  4438 I Unity   : [Quests] added to stack: Zone5EclipseChecker
1785440470.925 10073  4360  4438 I Unity   : UnityEngine.Logger:Log(LogType, Object)
1785440470.925 10073  4360  4438 I Unity   : Nekki.SF2.Core.Quests.QuestsManager:ILDLDDBKLHD(NKMMLFBKOEL)
1785440470.925 10073  4360  4438 I Unity   : Nekki.SF2.Core.Quests.QuestsManager:AddQuestToStack(NKMMLFBKOEL, Boolean)
1785440470.925 10073  4360  4438 I Unity   : Nekki.SF2.Core.Quests.QuestsManager:ScheduleQuests(ILPMDHHPBNJ)
1785440470.925 10073  4360  4438 I Unity   : BEFFFMFLHEE:NGAKLGHBIKJ(HFEOJCDENDP)
1785440470.925 10073  4360  4438 I Unity   : Nekki.SF2.Core.Quests.QuestsManager:BBFMMONCPJD()
1785440470.925 10073  4360  4438 I Unity   : (Filename: ./Runtime/Export/Debug.bindings.h Line: 45)
1785440470.926 10073  4360  4438 I Unity   : [Quests] added to stack: Zone6EclipseChecker
1785440470.926 10073  4360  4438 I Unity   : UnityEngine.Logger:Log(LogType, Object)
1785440470.926 10073  4360  4438 I Unity   : Nekki.SF2.Core.Quests.QuestsManager:ILDLDDBKLHD(NKMMLFBKOEL)
1785440470.926 10073  4360  4438 I Unity   : Nekki.SF2.Core.Quests.QuestsManager:AddQuestToStack(NKMMLFBKOEL, Boolean)
1785440470.926 10073  4360  4438 I Unity   : Nekki.SF2.Core.Quests.QuestsManager:ScheduleQuests(ILPMDHHPBNJ)
1785440470.926 10073  4360  4438 I Unity   : BEFFFMFLHEE:NGAKLGHBIKJ(HFEOJCDENDP)
1785440470.926 10073  4360  4438 I Unity   : Nekki.SF2.Core.Quests.QuestsManager:BBFMMONCPJD()
1785440470.926 10073  4360  4438 I Unity   : (Filename: ./Runtime/Export/Debug.bindings.h Line: 45)
1785440470.928 10073  4360  4438 I Unity   : [Quests] added to stack: Zone7EclipseChecker
1785440470.928 10073  4360  4438 I Unity   : UnityEngine.Logger:Log(LogType, Object)
1785440470.928 10073  4360  4438 I Unity   : Nekki.SF2.Core.Quests.QuestsManager:ILDLDDBKLHD(NKMMLFBKOEL)
1785440470.928 10073  4360  4438 I Unity   : Nekki.SF2.Core.Quests.QuestsManager:AddQuestToStack(NKMMLFBKOEL, Boolean)
1785440470.928 10073  4360  4438 I Unity   : Nekki.SF2.Core.Quests.QuestsManager:ScheduleQuests(ILPMDHHPBNJ)
1785440470.928 10073  4360  4438 I Unity   : BEFFFMFLHEE:NGAKLGHBIKJ(HFEOJCDENDP)
1785440470.928 10073  4360  4438 I Unity   : Nekki.SF2.Core.Quests.QuestsManager:BBFMMONCPJD()
1785440470.928 10073  4360  4438 I Unity   : (Filename: ./Runtime/Export/Debug.bindings.h Line: 45)
1785440470.929 10073  4360  4438 I Unity   : [QuestsManager] Running quest : [EclipseBattlesChecker]
1785440470.929 10073  4360  4438 I Unity   : UnityEngine.Logger:LogFormat(LogType, String, Object[])
1785440470.929 10073  4360  4438 I Unity   : UnityEngine.Debug:LogFormat(String, Object[])
1785440470.929 10073  4360  4438 I Unity   : Nekki.SF2.Core.Quests.QuestsManager:BBFMMONCPJD()
1785440470.929 10073  4360  4438 I Unity   : (Filename: ./Runtime/Export/Debug.bindings.h Line: 45)
1785440470.932 10073  4360  4438 I Unity   : Quest Zone1EclipseChecker started
1785440470.932 10073  4360  4438 I Unity   : UnityEngine.Logger:Log(LogType, Object)
1785440470.932 10073  4360  4438 I Unity   : NKMMLFBKOEL:JOJKAIJDNHL(HFEOJCDENDP, Boolean)
1785440470.932 10073  4360  4438 I Unity   : Nekki.SF2.Core.Quests.QuestsManager:BBFMMONCPJD()
1785440470.932 10073  4360  4438 I Unity   : (Filename: ./Runtime/Export/Debug.bindings.h Line: 45)
1785440470.934 10073  4360  4438 I Unity   : [QuestsManager] Running quest : [Zone1EclipseChecker]
1785440470.934 10073  4360  4438 I Unity   : UnityEngine.Logger:LogFormat(LogType, String, Object[])
1785440470.934 10073  4360  4438 I Unity   : UnityEngine.Debug:LogFormat(String, Object[])
1785440470.934 10073  4360  4438 I Unity   : Nekki.SF2.Core.Quests.QuestsManager:BBFMMONCPJD()
1785440470.934 10073  4360  4438 I Unity   : (Filename: ./Runtime/Export/Debug.bindings.h Line: 45)
1785440470.950 10073  4360  4438 I Unity   : Quest Zone2EclipseChecker started
1785440470.950 10073  4360  4438 I Unity   : UnityEngine.Logger:Log(LogType, Object)
1785440470.950 10073  4360  4438 I Unity   : NKMMLFBKOEL:JOJKAIJDNHL(HFEOJCDENDP, Boolean)
1785440470.950 10073  4360  4438 I Unity   : Nekki.SF2.Core.Quests.QuestsManager:BBFMMONCPJD()
1785440470.950 10073  4360  4438 I Unity   : (Filename: ./Runtime/Export/Debug.bindings.h Line: 45)
1785440470.953 10073  4360  4438 I Unity   : [QuestsManager] Running quest : [Zone2EclipseChecker]
1785440470.953 10073  4360  4438 I Unity   : UnityEngine.Logger:LogFormat(LogType, String, Object[])
1785440470.953 10073  4360  4438 I Unity   : UnityEngine.Debug:LogFormat(String, Object[])
1785440470.953 10073  4360  4438 I Unity   : Nekki.SF2.Core.Quests.QuestsManager:BBFMMONCPJD()
1785440470.953 10073  4360  4438 I Unity   : (Filename: ./Runtime/Export/Debug.bindings.h Line: 45)
1785440470.965 10073  4360  4438 I Unity   : Quest Zone3EclipseChecker started
1785440470.965 10073  4360  4438 I Unity   : UnityEngine.Logger:Log(LogType, Object)
1785440470.965 10073  4360  4438 I Unity   : NKMMLFBKOEL:JOJKAIJDNHL(HFEOJCDENDP, Boolean)
1785440470.965 10073  4360  4438 I Unity   : Nekki.SF2.Core.Quests.QuestsManager:BBFMMONCPJD()
1785440470.965 10073  4360  4438 I Unity   : (Filename: ./Runtime/Export/Debug.bindings.h Line: 45)
1785440470.968 10073  4360  4438 I Unity   : [QuestsManager] Running quest : [Zone3EclipseChecker]
1785440470.968 10073  4360  4438 I Unity   : UnityEngine.Logger:LogFormat(LogType, String, Object[])
1785440470.968 10073  4360  4438 I Unity   : UnityEngine.Debug:LogFormat(String, Object[])
1785440470.968 10073  4360  4438 I Unity   : Nekki.SF2.Core.Quests.QuestsManager:BBFMMONCPJD()
1785440470.968 10073  4360  4438 I Unity   : (Filename: ./Runtime/Export/Debug.bindings.h Line: 45)
1785440470.983 10073  4360  4438 I Unity   : Quest Zone4EclipseChecker started
1785440470.983 10073  4360  4438 I Unity   : UnityEngine.Logger:Log(LogType, Object)
1785440470.983 10073  4360  4438 I Unity   : NKMMLFBKOEL:JOJKAIJDNHL(HFEOJCDENDP, Boolean)
1785440470.983 10073  4360  4438 I Unity   : Nekki.SF2.Core.Quests.QuestsManager:BBFMMONCPJD()
1785440470.983 10073  4360  4438 I Unity   : (Filename: ./Runtime/Export/Debug.bindings.h Line: 45)
1785440470.985 10073  4360  4438 I Unity   : [QuestsManager] Running quest : [Zone4EclipseChecker]
1785440470.985 10073  4360  4438 I Unity   : UnityEngine.Logger:LogFormat(LogType, String, Object[])
1785440470.985 10073  4360  4438 I Unity   : UnityEngine.Debug:LogFormat(String, Object[])
1785440470.985 10073  4360  4438 I Unity   : Nekki.SF2.Core.Quests.QuestsManager:BBFMMONCPJD()
1785440470.985 10073  4360  4438 I Unity   : (Filename: ./Runtime/Export/Debug.bindings.h Line: 45)
1785440470.999 10073  4360  4438 I Unity   : Quest Zone5EclipseChecker started
1785440470.999 10073  4360  4438 I Unity   : UnityEngine.Logger:Log(LogType, Object)
1785440470.999 10073  4360  4438 I Unity   : NKMMLFBKOEL:JOJKAIJDNHL(HFEOJCDENDP, Boolean)
1785440470.999 10073  4360  4438 I Unity   : Nekki.SF2.Core.Quests.QuestsManager:BBFMMONCPJD()
1785440470.999 10073  4360  4438 I Unity   : (Filename: ./Runtime/Export/Debug.bindings.h Line: 45)
1785440471.001 10073  4360  4438 I Unity   : [QuestsManager] Running quest : [Zone5EclipseChecker]
1785440471.001 10073  4360  4438 I Unity   : UnityEngine.Logger:LogFormat(LogType, String, Object[])
1785440471.001 10073  4360  4438 I Unity   : UnityEngine.Debug:LogFormat(String, Object[])
1785440471.001 10073  4360  4438 I Unity   : Nekki.SF2.Core.Quests.QuestsManager:BBFMMONCPJD()
1785440471.001 10073  4360  4438 I Unity   : (Filename: ./Runtime/Export/Debug.bindings.h Line: 45)
1785440471.016 10073  4360  4438 I Unity   : Quest Zone6EclipseChecker started
1785440471.016 10073  4360  4438 I Unity   : UnityEngine.Logger:Log(LogType, Object)
1785440471.016 10073  4360  4438 I Unity   : NKMMLFBKOEL:JOJKAIJDNHL(HFEOJCDENDP, Boolean)
1785440471.016 10073  4360  4438 I Unity   : Nekki.SF2.Core.Quests.QuestsManager:BBFMMONCPJD()
1785440471.016 10073  4360  4438 I Unity   : (Filename: ./Runtime/Export/Debug.bindings.h Line: 45)
1785440471.018 10073  4360  4438 I Unity   : [QuestsManager] Running quest : [Zone6EclipseChecker]
1785440471.018 10073  4360  4438 I Unity   : UnityEngine.Logger:LogFormat(LogType, String, Object[])
1785440471.018 10073  4360  4438 I Unity   : UnityEngine.Debug:LogFormat(String, Object[])
1785440471.018 10073  4360  4438 I Unity   : Nekki.SF2.Core.Quests.QuestsManager:BBFMMONCPJD()
1785440471.018 10073  4360  4438 I Unity   : (Filename: ./Runtime/Export/Debug.bindings.h Line: 45)
1785440471.035 10073  4360  4438 I Unity   : Quest Zone7EclipseChecker started
1785440471.035 10073  4360  4438 I Unity   : UnityEngine.Logger:Log(LogType, Object)
1785440471.035 10073  4360  4438 I Unity   : NKMMLFBKOEL:JOJKAIJDNHL(HFEOJCDENDP, Boolean)
1785440471.035 10073  4360  4438 I Unity   : Nekki.SF2.Core.Quests.QuestsManager:BBFMMONCPJD()
1785440471.035 10073  4360  4438 I Unity   : (Filename: ./Runtime/Export/Debug.bindings.h Line: 45)
1785440471.037 10073  4360  4438 I Unity   : [QuestsManager] Running quest : [Zone7EclipseChecker]
1785440471.037 10073  4360  4438 I Unity   : UnityEngine.Logger:LogFormat(LogType, String, Object[])
1785440471.037 10073  4360  4438 I Unity   : UnityEngine.Debug:LogFormat(String, Object[])
1785440471.037 10073  4360  4438 I Unity   : Nekki.SF2.Core.Quests.QuestsManager:BBFMMONCPJD()
1785440471.037 10073  4360  4438 I Unity   : (Filename: ./Runtime/Export/Debug.bindings.h Line: 45)
1785440471.049 10073  4360  4438 I Unity   : Quest ScriptsResumeOnStart started
1785440471.049 10073  4360  4438 I Unity   : UnityEngine.Logger:Log(LogType, Object)
1785440471.049 10073  4360  4438 I Unity   : NKMMLFBKOEL:JOJKAIJDNHL(HFEOJCDENDP, Boolean)
1785440471.049 10073  4360  4438 I Unity   : Nekki.SF2.Core.Quests.QuestsManager:BBFMMONCPJD()
1785440471.049 10073  4360  4438 I Unity   : (Filename: ./Runtime/Export/Debug.bindings.h Line: 45)
1785440471.050 10073  4360  4438 I Unity   : ConditionExtension::setValue - empty string
1785440471.050 10073  4360  4438 I Unity   : UnityEngine.Logger:Log(LogType, Object)
1785440471.050 10073  4360  4438 I Unity   : Nekki.Functions.ConditionExtension:SetValue(String, CompareResult, Boolean, String)
1785440471.050 10073  4360  4438 I Unity   : CPICMPOOBBB:NGAKLGHBIKJ(HFEOJCDENDP)
1785440471.050 10073  4360  4438 I Unity   : HGGJCPAHLHI:NGAKLGHBIKJ(HFEOJCDENDP)
1785440471.050 10073  4360  4438 I Unity   : Nekki.SF2.Core.Quests.QuestsManager:BBFMMONCPJD()
1785440471.050 10073  4360  4438 I Unity   : (Filename: ./Runtime/Export/Debug.bindings.h Line: 45)
1785440471.052 10073  4360  4438 I Unity   : <color=green>GoToModule ModuleDojo</color>
1785440471.052 10073  4360  4438 I Unity   : UnityEngine.Logger:LogFormat(LogType, String, Object[])
1785440471.052 10073  4360  4438 I Unity   : UnityEngine.Debug:LogFormat(String, Object[])
1785440471.052 10073  4360  4438 I Unity   : EHLFABFBOIB:HKBIHCLBBGD(BLGADIABBOI, Object, Action`1, Boolean)
1785440471.052 10073  4360  4438 I Unity   : CPICMPOOBBB:NGAKLGHBIKJ(HFEOJCDENDP)
1785440471.052 10073  4360  4438 I Unity   : HGGJCPAHLHI:NGAKLGHBIKJ(HFEOJCDENDP)
1785440471.052 10073  4360  4438 I Unity   : Nekki.SF2.Core.Quests.QuestsManager:BBFMMONCPJD()
1785440471.052 10073  4360  4438 I Unity   : (Filename: ./Runtime/Export/Debug.bindings.h Line: 45)
1785440471.056 10073  4360  4438 I Unity   : [Quests] added to stack: StoryTutorialWelcome
1785440471.056 10073  4360  4438 I Unity   : UnityEngine.Logger:Log(LogType, Object)
1785440471.056 10073  4360  4438 I Unity   : Nekki.SF2.Core.Quests.QuestsManager:ILDLDDBKLHD(NKMMLFBKOEL)
1785440471.056 10073  4360  4438 I Unity   : Nekki.SF2.Core.Quests.QuestsManager:AddQuestToStack(NKMMLFBKOEL, Boolean)
1785440471.056 10073  4360  4438 I Unity   : Nekki.SF2.Core.Quests.QuestsManager:ScheduleQuests(ILPMDHHPBNJ)
1785440471.056 10073  4360  4438 I Unity   : Nekki.SF2.Core.Quests.QuestsManager:ScheduleAndRunQuests(ILPMDHHPBNJ)
1785440471.056 10073  4360  4438 I Unity   : EHLFABFBOIB:HKBIHCLBBGD(BLGADIABBOI, Object, Action`1, Boolean)
1785440471.056 10073  4360  4438 I Unity   : CPICMPOOBBB:NGAKLGHBIKJ(HFEOJCDENDP)
1785440471.056 10073  4360  4438 I Unity   : HGGJCPAHLHI:NGAKLGHBIKJ(HFEOJCDENDP)
1785440471.056 10073  4360  4438 I Unity   : Nekki.SF2.Core.Quests.QuestsManager:BBFMMONCPJD()
1785440471.056 10073  4360  4438 I Unity   : (Filename: ./Runtime/Export/Debug.bindings.h Line: 45)
1785440471.060 10073  4360  4438 I Unity   : Module::GoToModule, CallChangeTab, false
1785440471.060 10073  4360  4438 I Unity   : UnityEngine.Logger:Log(LogType, Object)
1785440471.060 10073  4360  4438 I Unity   : EHLFABFBOIB:HKBIHCLBBGD(BLGADIABBOI, Object, Action`1, Boolean)
1785440471.060 10073  4360  4438 I Unity   : CPICMPOOBBB:NGAKLGHBIKJ(HFEOJCDENDP)
1785440471.060 10073  4360  4438 I Unity   : HGGJCPAHLHI:NGAKLGHBIKJ(HFEOJCDENDP)
1785440471.060 10073  4360  4438 I Unity   : Nekki.SF2.Core.Quests.QuestsManager:BBFMMONCPJD()
1785440471.060 10073  4360  4438 I Unity   : (Filename: ./Runtime/Export/Debug.bindings.h Line: 45)
1785440471.066 10073  4360  4438 I Unity   : [QuestsManager] Running quest : [ScriptsResumeOnStart]
1785440471.066 10073  4360  4438 I Unity   : UnityEngine.Logger:LogFormat(LogType, String, Object[])
1785440471.066 10073  4360  4438 I Unity   : UnityEngine.Debug:LogFormat(String, Object[])
1785440471.066 10073  4360  4438 I Unity   : Nekki.SF2.Core.Quests.QuestsManager:BBFMMONCPJD()
1785440471.066 10073  4360  4438 I Unity   : (Filename: ./Runtime/Export/Debug.bindings.h Line: 45)
1785440471.069 10073  4360  4438 I Unity   : Quest StoryTutorialWelcome started
1785440471.069 10073  4360  4438 I Unity   : UnityEngine.Logger:Log(LogType, Object)
1785440471.069 10073  4360  4438 I Unity   : NKMMLFBKOEL:JOJKAIJDNHL(HFEOJCDENDP, Boolean)
1785440471.069 10073  4360  4438 I Unity   : Nekki.SF2.Core.Quests.QuestsManager:BBFMMONCPJD()
1785440471.069 10073  4360  4438 I Unity   : (Filename: ./Runtime/Export/Debug.bindings.h Line: 45)
1785440471.070 10073  4360  4438 I Unity   : <color=green>GoToModule ModuleDojo</color>
1785440471.070 10073  4360  4438 I Unity   : UnityEngine.Logger:LogFormat(LogType, String, Object[])
1785440471.070 10073  4360  4438 I Unity   : UnityEngine.Debug:LogFormat(String, Object[])
1785440471.070 10073  4360  4438 I Unity   : EHLFABFBOIB:HKBIHCLBBGD(BLGADIABBOI, Object, Action`1, Boolean)
1785440471.070 10073  4360  4438 I Unity   : INEMPILPDFM:CFHGBMEKPDD(BLGADIABBOI)
1785440471.070 10073  4360  4438 I Unity   : Nekki.SF2.Core.Quests.QuestsManager:BBFMMONCPJD()
1785440471.070 10073  4360  4438 I Unity   : (Filename: ./Runtime/Export/Debug.bindings.h Line: 45)
1785440471.085 10073  4360  4438 I Unity   : LoaderScene::LoadLevel: scene: ModuleDojo
1785440471.085 10073  4360  4438 I Unity   : UnityEngine.Logger:Log(LogType, Object)
1785440471.085 10073  4360  4438 I Unity   : Nekki.SF2.GUI.Scenes.<LoadLevel>d__54:MoveNext()
1785440471.085 10073  4360  4438 I Unity   : UnityEngine.SetupCoroutine:InvokeMoveNext(IEnumerator, IntPtr)
1785440471.085 10073  4360  4438 I Unity   : Nekki.SF2.GUI.Scenes.LoaderScreen:Load()
1785440471.085 10073  4360  4438 I Unity   : CAHEHLOINBA:FJNJAIJAFJM(BLGADIABBOI)
1785440471.085 10073  4360  4438 I Unity   : EHLFABFBOIB:FJFKICCHMAI()
1785440471.085 10073  4360  4438 I Unity   : EHLFABFBOIB:HKBIHCLBBGD(BLGADIABBOI, Object, Action`1, Boolean)
1785440471.085 10073  4360  4438 I Unity   : INEMPILPDFM:CFHGBMEKPDD(BLGADIABBOI)
1785440471.085 10073  4360  4438 I Unity   : Nekki.SF2.Core.Quests.QuestsManager:BBFMMONCPJD()
1785440471.085 10073  4360  4438 I Unity   : (Filename: ./Runtime/Export/Debug.bindings.h Line: 45)
1785440471.108 10073  4360  4438 I Unity   : GoToModule: ok!
1785440471.108 10073  4360  4438 I Unity   : UnityEngine.Logger:Log(LogType, Object)
1785440471.108 10073  4360  4438 I Unity   : EHLFABFBOIB:HKBIHCLBBGD(BLGADIABBOI, Object, Action`1, Boolean)
1785440471.108 10073  4360  4438 I Unity   : INEMPILPDFM:CFHGBMEKPDD(BLGADIABBOI)
1785440471.108 10073  4360  4438 I Unity   : Nekki.SF2.Core.Quests.QuestsManager:BBFMMONCPJD()
1785440471.108 10073  4360  4438 I Unity   : (Filename: ./Runtime/Export/Debug.bindings.h Line: 45)
1785440471.108 10073  4360  4438 I Unity   : [QuestsManager] Running quest : [StoryTutorialWelcome]
1785440471.108 10073  4360  4438 I Unity   : UnityEngine.Logger:LogFormat(LogType, String, Object[])
1785440471.108 10073  4360  4438 I Unity   : UnityEngine.Debug:LogFormat(String, Object[])
1785440471.108 10073  4360  4438 I Unity   : Nekki.SF2.Core.Quests.QuestsManager:BBFMMONCPJD()
1785440471.108 10073  4360  4438 I Unity   : (Filename: ./Runtime/Export/Debug.bindings.h Line: 45)
1785440471.283 10073  4360  4438 I Unity   : Location:dojo
1785440471.283 10073  4360  4438 I Unity   : UnityEngine.Logger:Log(LogType, Object)
1785440471.283 10073  4360  4438 I Unity   : FCNFNDHENNP:.ctor(String, String)
1785440471.283 10073  4360  4438 I Unity   : AOHMNLNCKJL:.ctor(FNNJDJGKPAL, HBCIFDILJCE, List`1, PreFight)
1785440471.283 10073  4360  4438 I Unity   : MJLGHCCNCPF:GOCBHBLDIGG(FNNJDJGKPAL, HBCIFDILJCE, List`1, PreFight)
1785440471.283 10073  4360  4438 I Unity   : MJLGHCCNCPF:GOCBHBLDIGG(FNNJDJGKPAL, PreFight)
1785440471.283 10073  4360  4438 I Unity   : Nekki.SF2.GUI.Scenes.DojoScene:OIPLBKIDCFM(Object)
1785440471.283 10073  4360  4438 I Unity   : Nekki.SF2.GUI.Scene`1:CAMKGJDMIHP()
1785440471.283 10073  4360  4438 I Unity   : Nekki.SF2.GUI.<PreInitWait>d__15:MoveNext()
1785440471.283 10073  4360  4438 I Unity   : UnityEngine.SetupCoroutine:InvokeMoveNext(IEnumerator, IntPtr)
1785440471.283 10073  4360  4438 I Unity   : (Filename: ./Runtime/Export/Debug.bindings.h Line: 45)
1785440471.427 10073  4360  4438 I Unity   : action=CheckLedger
1785440471.427 10073  4360  4438 I Unity   : rand=1606736762
1785440471.427 10073  4360  4438 I Unity   : project=sf2
1785440471.427 10073  4360  4438 I Unity   : device=3d23e812-dba3-4451-9983-826477a4a0b0
1785440471.427 10073  4360  4438 I Unity   : UnityEngine.Logger:Log(LogType, Object)
1785440471.427 10073  4360  4438 I Unity   : Nekki.SF2.Core.Network.ServerProvider:CheckLedger(String, Action`3, DEKMBKOOBML)
1785440471.427 10073  4360  4438 I Unity   : DFHOMLKOOKJ:HMLLLANAKEK(DEKMBKOOBML)
1785440471.427 10073  4360  4438 I Unity   : AOHMNLNCKJL:.ctor(FNNJDJGKPAL, HBCIFDILJCE, List`1, PreFight)
1785440471.427 10073  4360  4438 I Unity   : MJLGHCCNCPF:GOCBHBLDIGG(FNNJDJGKPAL, HBCIFDILJCE, List`1, PreFight)
1785440471.427 10073  4360  4438 I Unity   : MJLGHCCNCPF:GOCBHBLDIGG(FNNJDJGKPAL, PreFight)
1785440471.427 10073  4360  4438 I Unity   : Nekki.SF2.GUI.Scenes.DojoScene:OIPLBKIDCFM(Object)
1785440471.427 10073  4360  4438 I Unity   : Nekki.SF2.GUI.Scene`1:CAMKGJDMIHP()
1785440471.427 10073  4360  4438 I Unity   : Nekki.SF2.GUI.<PreInitWait>d__15:MoveNext()
1785440471.427 10073  4360  4438 I Unity   : UnityEngine.SetupCoroutine:InvokeMoveNext(IEnumerator, IntPtr)
1785440471.427 10073  4360  4438 I Unity   : (Filename: ./Runtime/Export/Debug.bindings.h Line: 45)
1785440471.432 10073  4360  4438 I Unity   : [BaseDialog] init. StoryDialog, header = characterSensei
1785440471.432 10073  4360  4438 I Unity   : UnityEngine.Logger:Log(LogType, Object)
1785440471.432 10073  4360  4438 I Unity   : Nekki.SF2.GUI.Dialogs.BaseDialog:OIPLBKIDCFM(String, String, String, NNPEKJADKFA)
1785440471.432 10073  4360  4438 I Unity   : Nekki.SF2.GUI.Dialogs.StoryDialog:Init(Object)
1785440471.432 10073  4360  4438 I Unity   : HLDDFONOKKP:FFOIAOLFPMM(CKLOPKJFFAA, Object)
1785440471.432 10073  4360  4438 I Unity   : HLDDFONOKKP:NKGCDOJMNHI(CKLOPKJFFAA, Object)
1785440471.432 10073  4360  4438 I Unity   : KKPGJFHBDAB:NGAKLGHBIKJ(HFEOJCDENDP)
1785440471.432 10073  4360  4438 I Unity   : BCDLKECONDP:HDFONOONDLI(HFEOJCDENDP)
1785440471.432 10073  4360  4438 I Unity   : System.Action`1:Invoke(T)
1785440471.432 10073  4360  4438 I Unity   : System.Action`1:Invoke(T)
1785440471.432 10073  4360  4438 I Unity   : EHLFABFBOIB:GMBICIJPGMB()
1785440471.432 10073  4360  4438 I Unity   : EHLFABFBOIB:DFOAAJBCOFH(ModuleHolder)
1785440471.432 10073  4360  4438 I Unity   : Nekki.SF2.GUI.Scene`1:CAMKGJDMIHP()
1785440471.432 10073  4360  4438 I Unity   : Nekki.SF2.GUI.<PreInitWait>d__15:MoveNext()
1785440471.432 10073  4360  4438 I Unity   : UnityEngine.SetupCoroutine:InvokeMoveNext(IEnumerator, IntPtr)
1785440471.432 10073  4360  4438 I Unity   : (Filename: ./Runtime/Export/Debug.bindings.h Line: 45)
1785440471.434 10073  4360  4438 I Unity   : [PacksController] CheckPacks
1785440471.434 10073  4360  4438 I Unity   : UnityEngine.Logger:Log(LogType, Object)
1785440471.434 10073  4360  4438 I Unity   : ICHPHEHDEBC:LIJKKIHGIIC()
1785440471.434 10073  4360  4438 I Unity   : Nekki.SF2.GUI.Scene`1:CAMKGJDMIHP()
1785440471.434 10073  4360  4438 I Unity   : Nekki.SF2.GUI.<PreInitWait>d__15:MoveNext()
1785440471.434 10073  4360  4438 I Unity   : UnityEngine.SetupCoroutine:InvokeMoveNext(IEnumerator, IntPtr)
1785440471.434 10073  4360  4438 I Unity   : (Filename: ./Runtime/Export/Debug.bindings.h Line: 45)
1785440471.476 10073  4360  4438 I Unity   : [PacksController] OnCheckPacksCompleted
1785440471.476 10073  4360  4438 I Unity   : UnityEngine.Logger:Log(LogType, Object)
1785440471.476 10073  4360  4438 I Unity   : ICHPHEHDEBC:NDNCEHHBLPI(HashSet`1)
1785440471.476 10073  4360  4438 I Unity   : <ActionWrapper>d__10:MoveNext()
1785440471.476 10073  4360  4438 I Unity   : UnityEngine.SetupCoroutine:InvokeMoveNext(IEnumerator, IntPtr)
1785440471.476 10073  4360  4438 I Unity   : UnityMainThreadDispatcher:Update()
1785440471.476 10073  4360  4438 I Unity   : (Filename: ./Runtime/Export/Debug.bindings.h Line: 45)
1785440471.479 10073  4360  4438 I Unity   : SendUnityWebRequest: https://ledger.nekkimobile.ru/clist
1785440471.479 10073  4360  4438 I Unity   : UnityEngine.Logger:Log(LogType, Object)
1785440471.479 10073  4360  4438 I Unity   : Nekki.SF2.Core.Network.<SendUnityWebRequest>d__74:MoveNext()
1785440471.479 10073  4360  4438 I Unity   : Coroutine:MoveNext()
1785440471.479 10073  4360  4438 I Unity   : <CallWrapper>d__15:MoveNext()
1785440471.479 10073  4360  4438 I Unity   : UnityEngine.SetupCoroutine:InvokeMoveNext(IEnumerator, IntPtr)
1785440471.479 10073  4360  4438 I Unity   : (Filename: ./Runtime/Export/Debug.bindings.h Line: 45)
1785440471.481 10073  4360  4459 E Unity   : UnityWebRequest: errorCallback with error=java.net.UnknownHostException: Unable to resolve host "ledger.nekkimobile.ru": No address associated with hostname url=https://ledger.nekkimobile.ru/clist
1785440471.481 10073  4360  4459 E Unity   : java.net.UnknownHostException: Unable to resolve host "ledger.nekkimobile.ru": No address associated with hostname
1785440471.481 10073  4360  4459 E Unity   : (Filename:  Line: 474)
1785440471.535 10073  4360  4438 I Unity   : ServerProvider: server='https://ledger.nekkimobile.ru/clist', error='Unknown Error'
1785440471.535 10073  4360  4438 I Unity   : UnityEngine.Logger:Log(LogType, Object)
1785440471.535 10073  4360  4438 I Unity   : Nekki.SF2.Core.Network.<SendUnityWebRequest>d__74:MoveNext()
1785440471.535 10073  4360  4438 I Unity   : Coroutine:MoveNext()
1785440471.535 10073  4360  4438 I Unity   : <CallWrapper>d__15:MoveNext()
1785440471.535 10073  4360  4438 I Unity   : UnityEngine.SetupCoroutine:InvokeMoveNext(IEnumerator, IntPtr)
1785440471.535 10073  4360  4438 I Unity   : (Filename: ./Runtime/Export/Debug.bindings.h Line: 45)
1785440471.536 10073  4360  4438 I Unity   : LedgerManager.CheckHandler (Regular)
1785440471.536 10073  4360  4438 I Unity   : Result fail!
1785440471.536 10073  4360  4438 I Unity   : Unknown Error
1785440471.536 10073  4360  4438 I Unity   : UnityEngine.Logger:Log(LogType, Object)
1785440471.536 10073  4360  4438 I Unity   : DFHOMLKOOKJ:DLKPMOFLIJK(Boolean, String, Object)
1785440471.536 10073  4360  4438 I Unity   : System.Action`3:Invoke(T1, T2, T3)
1785440471.536 10073  4360  4438 I Unity   : Nekki.SF2.Core.Network.<SendUnityWebRequest>d__74:MoveNext()
1785440471.536 10073  4360  4438 I Unity   : Coroutine:MoveNext()
1785440471.536 10073  4360  4438 I Unity   : <CallWrapper>d__15:MoveNext()
1785440471.536 10073  4360  4438 I Unity   : UnityEngine.SetupCoroutine:InvokeMoveNext(IEnumerator, IntPtr)
1785440471.536 10073  4360  4438 I Unity   : (Filename: ./Runtime/Export/Debug.bindings.h Line: 45)
1785440471.719 10073  4360  4625 E kki.shadowfigh: Invalid ID 0x00000000.
1785440475.727 10073  4360  4625 E kki.shadowfigh: Invalid ID 0x00000000.
1785440478.344 10073  4360  4438 I Unity   : [BaseDialog] destroyed. StoryDialog, header = characterSensei
1785440478.344 10073  4360  4438 I Unity   : UnityEngine.Logger:Log(LogType, Object)
1785440478.344 10073  4360  4438 I Unity   : Nekki.SF2.GUI.Dialogs.StoryDialog:OnDestroy()
1785440478.344 10073  4360  4438 I Unity   : (Filename: ./Runtime/Export/Debug.bindings.h Line: 45)
1785440478.412 10073  4360  4468 D AudioTrack: stop() called with 365056 frames delivered
1785440479.036 10073  4360  4360 I Process : Sending signal. PID: 4360 SIG: 9
1785440480.144 10073  4715  4715 D houdini : [4715] Initialize library(version: 9.0.7a_y.36020 RELEASE)... successfully.
1785440480.144 10073  4715  4715 W kki.shadowfigh: Unexpected CPU variant for X86 using defaults: x86_64
1785440480.145 10073  4715  4715 E kki.shadowfigh: Not starting debugger since process cannot load the jdwp agent.
1785440480.147 10073  4715  4715 V Riru    : hook removed
1785440480.147 10073  4715  4715 V Riru    : edxp: forkAndSpecializePost
1785440480.368 10073  4715  4715 I MultiDex: VM with version 2.1.0 has multidex support
1785440480.368 10073  4715  4715 I MultiDex: Installing application
1785440480.368 10073  4715  4715 I MultiDex: VM has multidex support, MultiDex support library is disabled.
1785440480.355 10073  4715  4715 I kki.shadowfight: type=1400 audit(0.0:1856): avc: denied { open } for path="/dev/__properties__/u:object_r:firstboot_prop:s0" dev="tmpfs" ino=8278 scontext=u:r:untrusted_app:s0:c73,c256,c512,c768 tcontext=u:object_r:firstboot_prop:s0 tclass=file permissive=1
1785440480.355 10073  4715  4715 I kki.shadowfight: type=1400 audit(0.0:1857): avc: denied { getattr } for path="/dev/__properties__/u:object_r:firstboot_prop:s0" dev="tmpfs" ino=8278 scontext=u:r:untrusted_app:s0:c73,c256,c512,c768 tcontext=u:object_r:firstboot_prop:s0 tclass=file permissive=1
1785440480.372 10073  4715  4731 W kki.shadowfigh: Unknown chunk type '200'.
1785440480.372 10073  4715  4731 I chatty  : uid=10073(com.nekki.shadowfight) Thread-2 identical 7 lines
1785440480.372 10073  4715  4731 W kki.shadowfigh: Unknown chunk type '200'.
1785440480.365 10073  4715  4715 I kki.shadowfight: type=1400 audit(0.0:1859): avc: denied { ioctl } for path="socket:[82116]" dev="sockfs" ino=82116 ioctlcmd=0x8927 scontext=u:r:untrusted_app:s0:c73,c256,c512,c768 tcontext=u:r:untrusted_app:s0:c73,c256,c512,c768 tclass=udp_socket permissive=1
1785440480.378 10073  4715  4715 I System.out: Update settings xposed
1785440480.400 10073  4715  4715 I FirebaseApp: Device unlocked: initializing all Firebase APIs for app [DEFAULT]
1785440480.402 10073  4715  4715 I FirebaseCrashlytics: Initializing Firebase Crashlytics 18.2.4 for com.nekki.shadowfight
1785440480.457 10073  4715  4735 V FA      : Deferring to Google Analytics for Firebase for event data collection. https://goo.gl/J1sWQy
1785440480.461 10073  4715  4735 W kki.shadowfigh: Unsupported class loader
1785440480.462 10073  4715  4735 W kki.shadowfigh: Skipping duplicate class check due to unsupported classloader
1785440480.463 10073  4715  4735 I DynamiteModule: Considering local module com.google.android.gms.ads.dynamite:0 and remote module com.google.android.gms.ads.dynamite:261710500
1785440480.463 10073  4715  4735 I DynamiteModule: Selected remote version of com.google.android.gms.ads.dynamite, version >= 261710500
1785440480.463 10073  4715  4735 V DynamiteModule: Dynamite loader version >= 2, using loadModule2NoCrashUtils
1785440480.466 10073  4715  4740 I DynamiteModule: Considering local module com.google.android.gms.measurement.dynamite:51 and remote module com.google.android.gms.measurement.dynamite:199
1785440480.466 10073  4715  4740 I DynamiteModule: Selected remote version of com.google.android.gms.measurement.dynamite, version >= 199
1785440480.467 10073  4715  4740 V DynamiteModule: Dynamite loader version >= 2, using loadModule2NoCrashUtils
1785440480.474 10073  4715  4744 D NetworkSecurityConfig: Using Network Security Config from resource network_security_config debugBuild: false
1785440480.476 10073  4715  4735 W kki.shadowfigh: Unsupported class loader
1785440480.481 10073  4715  4715 I FirebaseInitProvider: FirebaseApp initialization successful
1785440480.485 10073  4715  4744 E FirebaseCrashlytics: Settings request failed.
1785440480.487 10073  4715  4753 I [myTarget]: start autoinitialization
1785440480.487 10073  4715  4753 I [myTarget]: MyTarget initialization
1785440480.523 10073  4715  4740 W kki.shadowfigh: Unsupported class loader
1785440480.533 10073  4715  4766 W GraphRequest: Starting with v13 of the SDK, a client token must be embedded in your client code before making Graph API calls. Visit https://developers.facebook.com/docs/android/getting-started#client-token to learn how to implement this change.
1785440480.534 10073  4715  4769 W GraphRequest: Starting with v13 of the SDK, a client token must be embedded in your client code before making Graph API calls. Visit https://developers.facebook.com/docs/android/getting-started#client-token to learn how to implement this change.
1785440480.544 10073  4715  4715 I ActivityThread: handleStopService: token=android.os.BinderProxy@62fcbdd not found.
1785440480.560 10073  4715  4770 W GraphRequest: Starting with v13 of the SDK, a client token must be embedded in your client code before making Graph API calls. Visit https://developers.facebook.com/docs/android/getting-started#client-token to learn how to implement this change.
1785440480.571 10073  4715  4776 F libc    : Fatal signal 11 (SIGSEGV), code 0 (SI_USER) in tid 4776 (kki.shadowfight), pid 4715 (kki.shadowfight)
1785440480.573 10073  4715  4770 W GraphRequest: Starting with v13 of the SDK, a client token must be embedded in your client code before making Graph API calls. Visit https://developers.facebook.com/docs/android/getting-started#client-token to learn how to implement this change.
1785440480.579 10073  4715  4715 D OpenGLRenderer: Skia GL Pipeline
1785440480.597 10073  4781  4781 I crash_dump32: obtaining output fd from tombstoned, type: kDebuggerdTombstone
1785440480.598 10073  4781  4781 I crash_dump32: performing dump of process 4715 (target tid = 4776)
1785440480.599 10073  4781  4781 F DEBUG   : *** *** *** *** *** *** *** *** *** *** *** *** *** *** *** ***
1785440480.599 10073  4781  4781 F DEBUG   : Build fingerprint: 'samsung/star2qltechn/star2qltechn:9/PQ3B.190801.10101846/901250224:user/release-keys'
1785440480.599 10073  4781  4781 F DEBUG   : Revision: '0'
1785440480.599 10073  4781  4781 F DEBUG   : ABI: 'x86'
1785440480.599 10073  4781  4781 F DEBUG   : pid: 4715, tid: 4776, name: kki.shadowfight  >>> com.nekki.shadowfight <<<
1785440480.599 10073  4781  4781 F DEBUG   : signal 11 (SIGSEGV), code 0 (SI_USER), fault addr --------
1785440480.599 10073  4781  4781 F DEBUG   :     eax 00000000  ebx 000012a8  ecx 0000000b  edx e776aff4
1785440480.599 10073  4781  4781 F DEBUG   :     edi 00000000  esi 00000001
1785440480.599 10073  4781  4781 F DEBUG   :     ebp bdc0a040  esp bb3c37e0  eip e728f24d
1785440480.599 10073  4781  4781 F DEBUG   : backtrace:
1785440480.599 10073  4781  4781 F DEBUG   :     #00 pc 0008f24d  /system/vendor/lib/libhoudini.so
1785440480.602 10073  4715  4772 I kki.shadowfigh: The ClassLoaderContext is a special shared library.
1785440480.606 10073  4715  4772 D FBAudienceNetwork: SDK dex loading time: 63
1785440480.648 10073  4715  4766 W GraphRequest: Starting with v13 of the SDK, a client token must be embedded in your client code before making Graph API calls. Visit https://developers.facebook.com/docs/android/getting-started#client-token to learn how to implement this change.
1785440480.654 10073  4715  4770 W GraphRequest: Starting with v13 of the SDK, a client token must be embedded in your client code before making Graph API calls. Visit https://developers.facebook.com/docs/android/getting-started#client-token to learn how to implement this change.
1785440480.658 10073  4715  4766 W GraphRequest: Starting with v13 of the SDK, a client token must be embedded in your client code before making Graph API calls. Visit https://developers.facebook.com/docs/android/getting-started#client-token to learn how to implement this change.
1785440480.677 10073  4715  4782 D         : createUnique: call
1785440480.699 10073  4715  4782 D         : HostComposition ext GL_OES_EGL_image GL_OES_EGL_image_external GL_OES_depth24 GL_OES_depth32 GL_OES_element_index_uint GL_OES_texture_float GL_OES_texture_float_linear GL_OES_compressed_paletted_texture GL_OES_compressed_ETC1_RGB8_texture GL_OES_depth_texture GL_EXT_texture_format_BGRA8888 GL_APPLE_texture_format_BGRA8888 GL_OES_texture_half_float GL_EXT_robustness GL_OES_texture_half_float_linear GL_OES_packed_depth_stencil GL_OES_vertex_half_float GL_OES_texture_npot GL_OES_rgb8_rgba8 GL_EXT_color_buffer_float GL_EXT_texture_sRGB_decode ANDROID_gles_max_version_3_1 GL_OES_vertex_array_object GL_EXT_texture_buffer GL_EXT_copy_image GL_KHR_texture_compression_astc_ldr GL_KHR_texture_compression_astc_hdr GL_OES_texture_compression_astc GL_OES_EGL_image_external
1785440480.701 10073  4715  4770 W GraphRequest: Starting with v13 of the SDK, a client token must be embedded in your client code before making Graph API calls. Visit https://developers.facebook.com/docs/android/getting-started#client-token to learn how to implement this change.
1785440480.704 10073  4715  4788 I FA      : App measurement initialized, version: 175000
1785440480.704 10073  4715  4788 I FA      : To enable debug logging run: adb shell setprop log.tag.FA VERBOSE
1785440480.704 10073  4715  4788 I FA      : To enable faster debug mode event logging run:
1785440480.704 10073  4715  4788 I FA      :   adb shell setprop debug.firebase.analytics.app com.nekki.shadowfight
1785440480.713 10073  4715  4782 I ConfigStore: android::hardware::configstore::V1_0::ISurfaceFlingerConfigs::hasWideColorDisplay retrieved: 0
1785440480.713 10073  4715  4782 I ConfigStore: android::hardware::configstore::V1_0::ISurfaceFlingerConfigs::hasHDRDisplay retrieved: 0
1785440480.713 10073  4715  4782 I OpenGLRenderer: Initialized EGL, version 1.4
1785440480.713 10073  4715  4782 D OpenGLRenderer: Swap behavior 1
1785440480.713 10073  4715  4782 D EGL_emulation: rcCreateContext wated version 2.0  rc:4
1785440480.744 10073  4715  4782 D EGL_emulation: eglMakeCurrent: 0xe4a211c0: ver 3 2 (tinfo 0xe4a03e90) (first time)
1785440480.759 10073  4715  4782 D vndksupport: Loading /vendor/lib/hw/android.hardware.graphics.mapper@2.0-impl.so from current namespace instead of sphal namespace.
1785440480.761 10073  4715  4782 D vndksupport: Loading /vendor/lib/hw/gralloc.default.so from current namespace instead of sphal namespace.
1785440480.785 10073  4715  4782 D         : createUnique: call
1785440480.786 10073  4715  4769 W GraphRequest: Starting with v13 of the SDK, a client token must be embedded in your client code before making Graph API calls. Visit https://developers.facebook.com/docs/android/getting-started#client-token to learn how to implement this change.
1785440480.795 10073  4715  4782 D         : HostComposition ext GL_OES_EGL_image GL_OES_EGL_image_external GL_OES_depth24 GL_OES_depth32 GL_OES_element_index_uint GL_OES_texture_float GL_OES_texture_float_linear GL_OES_compressed_paletted_texture GL_OES_compressed_ETC1_RGB8_texture GL_OES_depth_texture GL_EXT_texture_format_BGRA8888 GL_APPLE_texture_format_BGRA8888 GL_OES_texture_half_float GL_EXT_robustness GL_OES_texture_half_float_linear GL_OES_packed_depth_stencil GL_OES_vertex_half_float GL_OES_texture_npot GL_OES_rgb8_rgba8 GL_EXT_color_buffer_float GL_EXT_texture_sRGB_decode ANDROID_gles_max_version_3_1 GL_OES_vertex_array_object GL_EXT_texture_buffer GL_EXT_copy_image GL_KHR_texture_compression_astc_ldr GL_KHR_texture_compression_astc_hdr GL_OES_texture_compression_astc GL_OES_EGL_image_external
1785440480.802 10073  4715  4782 E libEGL  : called unimplemented OpenGL ES API
1785440480.819 10073  4715  4770 W GraphRequest: Starting with v13 of the SDK, a client token must be embedded in your client code before making Graph API calls. Visit https://developers.facebook.com/docs/android/getting-started#client-token to learn how to implement this change.
